R,B,xF,F,q,N,xD,QR
3.877686730745081,1.695503504875775,0.4241060515600664,82.01513159854703,1.010226455663028,22.0,0.47122894617785155,600.0
3.1217540165645508,0.6350435490460096,0.33315391477549333,87.12748070310522,0.9881573004939419,16.0,0.37017101641721484,600.0
2.761190271615682,1.0380538699585287,0.5429174393508795,95.98863806391076,0.9618613538032461,22.0,0.6032415992787551,600.0
4.843404936347039,2.2199010487527433,0.6334314341949359,119.7322737015935,1.0547573254939013,19.0,0.7038127046610398,600.0
7.952138099054183,1.5618917540379627,0.7746499592472047,83.89780981171064,1.0624614276269833,25.0,0.8607221769413385,600.0
3.657190239786729,2.965726532086143,0.6142556309813963,87.88147701469826,0.9186326110471811,22.0,0.682506256645996,600.0
4.700067912096989,0.892263422105544,0.4290798179882118,118.56650930026588,0.974890712020282,20.0,0.47675535332023533,600.0
11.23880459349645,0.8365238542456811,0.8276258051489536,93.55976178212516,0.9339031304052425,23.0,0.9195842279432817,600.0
4.256166898604131,2.955813273488721,0.31135006884814365,80.54963188651244,0.9425532689056245,19.0,0.3459445209423818,600.0
3.547297881762212,1.5944352217780564,0.33215581316834625,102.47156294020236,1.0554650507504681,23.0,0.3690620146314958,600.0
1.2899908844506,2.776652824355803,0.2533260729201391,106.7117500571292,1.09184132042,23.0,0.38883732647774255,600.0
4.451064162406087,1.5178001559435543,0.6647268866240741,92.27816413053839,1.0151963538317952,25.0,0.7385854295823044,600.0
9.512380835262922,2.5430189391066707,0.8034562729437331,107.7859308053989,1.0154266015605584,24.0,0.8927291921597034,600.0
1.4913318215652789,2.5756753180965424,0.37250176484475445,86.879680656928,1.0910464949038337,20.0,0.5281424617480447,600.0
5.807405465550702,2.1903436004350763,0.7167082304870527,113.97690613848744,1.0632096820552417,25.0,0.7963424783189473,600.0
6.687943281724744,1.179073998827882,0.7439153827933195,92.38094893869517,1.000174621977713,15.0,0.8265726475481329,600.0
8.847209158500107,0.9028510940021371,0.7921614955734095,82.95190511677252,0.9715228548273231,23.0,0.8801794395260105,600.0
3.7206322690236258,1.1313463238207884,0.6184159368220257,118.16415549054204,1.075387659624464,19.0,0.6871288186911396,600.0
12.041875782852753,1.7753043675108007,0.8369081677826248,119.13988183176025,1.0994235108439625,19.0,0.9298979642029164,600.0
4.4058219428895695,2.744198080362211,0.5959311103526236,85.06402685220246,0.9713919767400563,21.0,0.6621456781695817,600.0
2.45712901399469,2.047969229370141,0.5116866667591451,89.52920962989147,1.0544895964565346,25.0,0.5685407408434945,600.0
3.0032682286352532,1.2651733619097936,0.49817244777420805,93.77061777139112,1.0017073517578658,25.0,0.5535249419713422,600.0
5.516046800303764,2.7582910318608285,0.706306813381389,103.79885980644852,1.0842603601966898,20.0,0.7847853482015433,600.0
0.8011406400569361,1.6278664687502424,0.25413500625187135,105.47546465028228,0.9385155433862563,25.0,0.563180605629093,600.0
4.042014180644451,2.649165701052838,0.5340013232519931,118.92396637987642,1.096390272134924,20.0,0.5933348036133257,600.0
4.72839213268243,2.409699497588001,0.673644813183251,114.42229819282305,1.0622228560647162,22.0,0.7484942368702788,600.0
1.9902735226348454,1.801064304266588,0.4579547540392849,109.36156762540412,1.0602230647635111,21.0,0.5088386155992054,600.0
3.4815413765478027,1.8123830857619492,0.5840838606479564,88.93145388580687,1.030042552564217,18.0,0.6489820673866182,600.0
4.359765595416117,2.493897189390407,0.6555318116213948,118.9742471435384,1.0569360087273583,22.0,0.7283686795793275,600.0
2.5106358089576943,1.0592346543143991,0.2811736772049977,81.1003812217972,1.0772770806834364,15.0,0.31241519689444186,600.0
4.188461715202724,2.350332979250944,0.6463608562297101,87.08420354740846,1.0925569968919724,21.0,0.7181787291441222,600.0
8.19461491406788,1.3403297916623078,0.7796899077914882,95.78687697420386,0.9375157967123666,15.0,0.8663221197683201,600.0
4.23810552085484,1.2474027728996098,0.4396350367625316,90.14103658459211,0.9821001543021198,21.0,0.4884833741805906,600.0
8.536798490332057,2.4302802385221876,0.7864169463713191,103.45140867869695,1.0018748147034495,17.0,0.8737966070792434,600.0
5.976642934207643,2.6055323249062536,0.7224011333366601,110.81611706631935,1.014719541873843,17.0,0.8026679259296223,600.0
6.509390962572581,1.0606840105961846,0.7388501682612549,112.50979377369089,1.0520711482175962,24.0,0.8209446314013944,600.0
4.08921805358416,1.8964882693635927,0.640804328086745,104.43012109030875,1.0429247628270548,25.0,0.7120048089852722,600.0
4.371769962882992,1.4376386773217282,0.6570351653298385,80.2037595785344,1.0242437851271535,16.0,0.7300390725887094,600.0
3.5268543020067087,1.4309190706132788,0.605394745302202,94.77904428403419,1.0457584420219643,24.0,0.6726608281135579,600.0
6.451058127717423,0.9974863721387095,0.7371494637988335,102.9607618275374,0.9119955408040058,23.0,0.8190549597764817,600.0
6.1607055270689095,0.7850099465989839,0.7283255194435252,101.67346152047004,0.9895984960448251,16.0,0.8092505771594725,600.0
1.395333687423972,1.7080857138460197,0.31796936196744463,107.52870589568133,1.0525870172436051,21.0,0.4472282577613103,600.0
1.2963670413690995,2.874225501365777,0.2550725032277518,104.86269928598783,0.9227958578091441,18.0,0.35872498819679216,600.0
1.9978143237175239,2.1262673948007613,0.4546403700668554,97.20876679047718,1.0906724163315191,15.0,0.5051559667409505,600.0
6.559279305781623,2.561982713366452,0.7402864599382466,99.79231933024039,1.0304711274840836,21.0,0.8225405110424961,600.0
2.3222091741018875,0.7338292454033255,0.5057099635505296,81.77044280919445,0.9925798213683001,24.0,0.5618999595005884,600.0
3.775080546741002,1.4827983555093056,0.34009374629332406,106.2574434186589,1.027489131234497,16.0,0.3778819403259156,600.0
4.872757089426702,2.9867206638255244,0.4138215755111929,101.17918687871484,0.9644876864700181,19.0,0.45980175056799205,600.0
4.661250297019232,1.299682275303426,0.2628749060846586,87.19740190667675,0.9800187895327456,24.0,0.292083228982954,600.0
3.898321231504112,2.6690542089252265,0.35726532198956007,87.40989870598632,1.0853051306148072,22.0,0.39696146887728895,600.0
2.792041973554568,0.943329524348709,0.5458479489730392,97.12428885649048,0.9565356069639694,16.0,0.6064977210811546,600.0
1.4302091947184024,0.857376364777384,0.36080015251187436,114.59301157945231,1.0616305306814942,20.0,0.5044455024975486,600.0
2.9985290078122233,1.0801015255933901,0.3629752056626303,95.48362522177938,1.0619051339800682,23.0,0.4033057840695893,600.0
10.372503084282137,2.8064098189790143,0.8163127389853464,113.375954478585,1.0649179096987489,23.0,0.9070141544281627,600.0
4.066295057433939,2.91358566456075,0.36414670612903965,96.47336388619672,0.9448417705926832,22.0,0.4046074512544885,600.0
10.069013474117977,2.943117485646482,0.8119789014033861,83.7569640465837,0.9762169742906747,24.0,0.9021987793370956,600.0
4.574250747321793,2.8383571386616517,0.33168663008588234,85.45320300886497,1.0784656480174906,22.0,0.36854070009542483,600.0
4.783126863605952,1.7043947437360427,0.6761630319215277,110.86024425805084,0.9187634932342957,16.0,0.7512922576905863,600.0
3.0168507998221163,2.0715779712576117,0.566037875724982,109.24143543479536,0.9131087623471319,16.0,0.6289309730277578,600.0
6.572946662982479,1.3483667757015216,0.7406770574574951,103.1100377641744,1.0363769616961063,18.0,0.8229745082861056,600.0
8.523431785707354,2.515250832535934,0.7861621723255748,116.84561454940446,0.9958355341787399,24.0,0.8735135248061944,600.0
2.0034348125652555,1.3416524018334106,0.46799977168125384,104.35508167263193,1.0495593669632324,19.0,0.5352293016864544,600.0
2.1263379919066967,2.4740173750618615,0.36538179126353126,99.14261083137289,0.9817659681341562,21.0,0.40597976807059033,600.0
12.386515735844663,2.9695947321603833,0.8405852552010603,95.00319300065807,1.0193049246265227,16.0,0.933983616890067,600.0
2.4937741127642257,1.1656667764221114,0.3139616798229973,100.55244026699981,1.0704703803556959,15.0,0.3488463109144414,600.0
2.807405362109046,1.8089939947552027,0.2593088065000231,105.76569518174473,1.082746924328528,21.0,0.2881208961111367,600.0
2.291560208681564,2.4428270030457995,0.4926560889386511,119.3278842936466,1.0144245181521394,16.0,0.547395654376279,600.0
3.909530348635353,2.615279411215637,0.6302522240066217,82.45603999878462,0.9536790228905341,20.0,0.7002802488962463,600.0
10.774814876619045,1.637502797717268,0.8217507364479201,109.86749374922206,0.9844773898182541,24.0,0.9130563738310223,600.0
3.8830844512115634,0.7554974123186214,0.628642733593625,96.4111616029654,0.9669504489431968,18.0,0.6984919262151389,600.0
2.392554587543531,2.0998869915297043,0.2852459276244035,104.29741710414928,1.005098518705588,22.0,0.31693991958267054,600.0
5.069834591519168,2.8160955973658655,0.688707076044885,114.20995180731792,1.086518051142457,21.0,0.7652300844943166,600.0
3.0905848658841117,1.331756311816702,0.4389698865253397,109.83991089446405,0.9439687690801736,22.0,0.4877443183614885,600.0
3.8253377623262734,2.3417812129856985,0.38736165167517855,99.44223935037795,0.9225663447270163,23.0,0.4304018351946428,600.0
2.1320785165555813,1.7196565478209958,0.40376484641132593,110.26942281970115,0.9379863749212523,22.0,0.4486276071236954,600.0
11.689797000198741,2.0284870446519783,0.8329678162861744,91.29134360767887,1.008727069748544,17.0,0.9255197958735272,600.0
3.0471048573073407,1.0204419979923172,0.41216193928874395,99.51817958289462,0.9381068967125104,20.0,0.4579577103208266,600.0
2.9480408925105475,1.2428083042733915,0.5600664870881443,81.71501120277054,0.9235876917111887,17.0,0.6222960967646048,600.0
3.2719706953029197,1.6484113976923531,0.4416969742069444,116.67629156352587,1.0982201956184507,18.0,0.49077441578549386,600.0
2.336790103384649,2.4552977981132473,0.452179072589739,105.26945062264816,1.0245913427206454,23.0,0.5024211917663767,600.0
3.039603888675499,0.9243199108540721,0.3785587703136932,85.43414795443414,1.0519909850414306,17.0,0.4206208559041036,600.0
1.6007608034557768,2.7492950222868617,0.30582065655015844,110.3717114049784,0.9238244994547224,17.0,0.3449963404259516,600.0
3.7437712048983336,0.7083868307755499,0.6199094258335105,108.27254278082002,1.0293921454512052,16.0,0.6887882509261227,600.0
3.456786500674672,0.5327726898606039,0.6004474707336384,83.60567985566381,0.9657697357006763,22.0,0.6671638563707093,600.0
8.594743683329188,1.678750404966363,0.7875141619811918,117.10813088188274,1.0218764645883707,15.0,0.8750157355346575,600.0
10.311508541826175,1.6911187712155018,0.8154583240623198,80.13596942819332,0.9541664674898747,17.0,0.9060648045136886,600.0
4.54685205980854,0.8883040857289841,0.4697389878673299,94.05864132877396,1.0232858629941064,22.0,0.5219322087414777,600.0
4.509862073564088,1.3949973737251715,0.6631602455831014,103.88175403194609,0.9347603927047747,18.0,0.736844717314557,600.0
2.628196449320389,0.8552782452814975,0.48123425121312546,86.3647296817258,0.9794030395762091,23.0,0.5347047235701394,600.0
5.855653742642055,1.568096694816868,0.7183561837727745,119.39181243478708,1.0812085232830309,23.0,0.798173537525305,600.0
4.051110701076883,0.9513875955374111,0.6386206977018387,107.80048391678369,1.0807146010278579,17.0,0.709578553002043,600.0
11.75247496970643,2.1747498459886057,0.8336835023704039,97.57831104863388,1.0508826682664525,20.0,0.9263150026337821,600.0
4.642050135075788,2.9315403011807617,0.47646651318326927,97.93835738575282,1.0356769851674215,17.0,0.5294072368702992,600.0
3.896102998208145,2.0015834688254666,0.6294369134990823,98.03781662729722,0.9672891029038094,17.0,0.6993743483323136,600.0
3.937326155194615,1.244780614827027,0.6319278227357203,94.34709457591393,0.9826583479037669,23.0,0.7021420252619115,600.0
8.43126186538564,1.0411110035209776,0.7843880706185595,94.66156862052704,1.0942869961207797,17.0,0.8715423006872882,600.0
9.337553081834404,2.623165237685822,0.8006122942758747,80.83297046022042,0.9343752957603672,21.0,0.8895692158620829,600.0
1.6079488564915456,2.2175045234165576,0.40006199674558623,117.46845838798177,0.9947056233543908,17.0,0.4445133297173181,600.0
4.594744084199271,2.2967974277131296,0.29430440465612195,109.97758963358716,1.0974231162318948,17.0,0.3270048940623578,600.0
2.306711599104462,1.2397561809168725,0.2922227249007258,83.81831151134654,0.9600045485131145,20.0,0.32469191655636204,600.0
3.7847430941634546,1.20387052324005,0.448822504096027,93.31396520266408,1.0952591971941128,17.0,0.4986916712178077,600.0
1.7129592422994577,2.327768424777551,0.4114506898727547,82.37799556502364,1.0443617240493972,18.0,0.4631138010590285,600.0
5.995904550003348,2.850048193495526,0.7230338288158842,84.4133123251281,1.0743125041155164,17.0,0.8033709209065379,600.0
2.4583496836819627,2.2154970407491072,0.2794169926543531,90.32551501290915,1.0530036149576263,25.0,0.31046332517150343,600.0
2.1799972877685287,1.9862138249931436,0.47890473838708003,89.1957590363844,0.9001111345724656,25.0,0.5321163759856444,600.0
4.753645316247096,2.4630544278418203,0.3602222719545991,103.73136488293467,0.9084878253819215,19.0,0.40024696883844346,600.0
3.017204645449496,1.544646068136526,0.28691970948793627,115.90672717259721,0.944065142132881,20.0,0.3187996772088181,600.0
1.3509929405234278,2.9586420776548708,0.2825335766699686,111.40709373476875,1.0392488749687652,24.0,0.4087591942451482,600.0
7.233738048728848,1.109282477221473,0.7581989833318349,104.80521825593081,1.0408320967977862,19.0,0.8424433148131498,600.0
3.8457728990694324,2.830162401801845,0.617609991496642,100.63505281744405,0.9953524199372793,23.0,0.6862333238851577,600.0
10.688289819393288,0.5534795076182129,0.8206093047385454,115.74575942043822,0.9861645182653637,24.0,0.9117881163761616,600.0
1.9756892339921746,0.6406289269685413,0.45152772845724165,103.27960290244343,1.0792157946804928,21.0,0.5214472131213838,600.0
8.704112759362406,0.800934746843373,0.78955359036969,111.58038154535392,0.9525211753099286,18.0,0.8772817670774332,600.0
2.3837883229273453,2.7707331923025027,0.5034496249983642,117.43990104811556,1.0437455828047502,16.0,0.5593884722204047,600.0
4.518918663609003,2.683302211055066,0.32843471367137106,86.80203953635777,0.9275620092196063,20.0,0.3649274596348567,600.0
1.9115061604056631,1.0159468850038345,0.3233236771623395,99.63373286347417,0.9847727337963943,20.0,0.3592485301803773,600.0
9.869286887948354,1.5856539225182382,0.8090099205932428,85.98503083542425,1.0891896569845934,21.0,0.8988999117702697,600.0
9.691695963797173,2.678517767608466,0.8062875648000625,111.27192553027928,0.9285520063937147,21.0,0.8958750720000694,600.0
6.002628342353881,2.5578866959106663,0.7232539736882988,112.61627012615105,1.0065463403892205,19.0,0.803615526320332,600.0
7.575565345792754,1.97442131454702,0.7663283719496967,82.59490529213427,1.028086769468359,16.0,0.8514759688329964,600.0
4.2501518187327685,1.3705219609597883,0.6497231179364364,89.10201127388353,0.9784742493289675,19.0,0.7219145754849293,600.0
4.4947081502896,1.887295217394005,0.5571586616181912,98.92419560993714,0.9461718575127429,19.0,0.619065179575768,600.0
2.7629140980666915,1.6112984238187815,0.3242046036618801,113.5150905137195,1.043448244864619,17.0,0.360227337402089,600.0
2.1906217653970734,2.3924480948966593,0.4802487544692439,104.64439648145006,0.9485343088590649,23.0,0.5336097271880488,600.0
3.568162908137935,1.260970306229665,0.6082501793792421,83.47843364899268,0.9163048547156184,24.0,0.6758335326436024,600.0
3.2504351745568827,0.8114922173719759,0.5850681378602287,96.97600682997245,0.9128291854105853,24.0,0.6500757087335876,600.0
8.038083840277231,2.2783425480700337,0.7764635730326148,116.42696151973803,0.9410721104896008,23.0,0.862737303369572,600.0
3.766001286394971,0.7589431082136295,0.379060882604852,104.09953701090895,0.9699529195062973,22.0,0.42117875844983554,600.0
6.089603024014511,1.3199370334792866,0.7260687708184457,101.72153939747847,0.9161024511543086,20.0,0.8067430786871618,600.0
13.216907524523787,0.9692082204395551,0.8487856606851798,107.09186282569475,1.0998067656529662,24.0,0.9430951785390886,600.0
2.174165116710291,0.772128769747179,0.442409156927276,92.51982877728334,0.9735038376165956,21.0,0.49156572991919556,600.0
2.838125773307223,0.9396300027567861,0.5501505898583189,119.86996330405687,0.9924459110761937,21.0,0.6112784331759099,600.0
2.788082412919591,1.9622559112716238,0.4232276239224252,85.03267606722964,1.0952452414630458,20.0,0.47025291546936127,600.0
9.621930418025276,1.0946622148884888,0.805196064710157,101.9341423414435,0.9787774951357207,19.0,0.8946622941223966,600.0
4.936338361705831,1.1901758791829515,0.6454801784298027,116.9913528031779,0.9711231768246045,23.0,0.7172001982553362,600.0
3.2674789600751506,2.1530731881190697,0.27775518656355214,104.77076805829329,0.9614682725061204,23.0,0.3086168739595024,600.0
2.8743780034243294,2.2358243737090273,0.5382836559776044,99.38634064042495,0.953487370075907,15.0,0.5980929510862272,600.0
5.146114483475479,0.9729261842291864,0.6918728161173681,95.54909197280429,1.0643510715563287,23.0,0.7687475734637423,600.0
2.2181620853860053,1.3742072984169942,0.36354192240007344,85.82232295799552,1.0359009583749852,19.0,0.40393546933341495,600.0
1.751689709417744,1.963853319389627,0.4024311833221114,84.85082914620035,1.0596451819030248,23.0,0.48301360354324685,600.0
2.0494345331408086,0.8443874107615301,0.4633598274497155,93.52960192848197,0.9329764820092277,17.0,0.5148442527219061,600.0
5.886166363526683,2.4791169325055957,0.7193879693827239,113.75192251852295,0.9562053895595446,18.0,0.7993199659808042,600.0
3.1842403399820727,1.8127731789245565,0.4215908894443575,107.02650995559125,0.9005666262738593,16.0,0.4684343216048417,600.0
1.470009973351054,0.5733843141035956,0.3266937126921102,85.71344320116737,1.0228042599674936,20.0,0.4448982505288025,600.0
4.742200770741775,0.8065500834660061,0.2801008205955092,108.06009512820908,0.9112250343807099,17.0,0.3112231339950102,600.0
1.2423460980831849,1.2843026872044314,0.3565155815247195,92.78114276598222,0.9765701718665774,18.0,0.5229449267251859,600.0
5.898222179714179,0.8490027109731261,0.7197934441533262,109.6209505313126,1.0828977150055938,15.0,0.7997704935036958,600.0
4.961778981576387,2.8797886241980417,0.6841024433644369,118.53113970085585,0.9091514732543517,23.0,0.7601138259604855,600.0
2.783644924622089,1.0134857435206448,0.26849539168434333,88.5522550804072,1.0904391008136605,23.0,0.2983282129826037,600.0
4.759794101044249,1.7222467623377566,0.4200414149823464,96.83989559491772,0.9059535584662822,24.0,0.4667126833137182,600.0
3.5590408126334543,0.8210642505004546,0.30996612016225794,119.27592543298368,1.065510166913091,24.0,0.3444068001802866,600.0
6.533997556976962,1.6215290872686574,0.7395606727820878,87.53526130252128,0.9310587991118482,23.0,0.8217340808689865,600.0
12.951838465269258,2.153173223099216,0.8462632249876716,110.6523500433616,0.9917320444648743,18.0,0.940292472208524,600.0
12.789680795264287,0.7232721929560486,0.8446772665834709,100.85771015210989,1.0108458109552307,22.0,0.9385302962038564,600.0
5.7330910066098575,0.6867085766424994,0.7141297659812633,111.90740334211026,0.9086039430349847,21.0,0.7934775177569592,600.0
4.923729652969155,1.539464835509099,0.68244635877668,111.4619992514128,0.9288069117530814,17.0,0.7582737319740889,600.0
7.66347870754961,1.8058729520704884,0.7683279084381822,98.79498021771751,0.9246838650472122,23.0,0.8536976760424247,600.0
6.824875018950207,0.9580826002146564,0.7476626055250418,87.83773705134884,1.098572438699666,17.0,0.8307362283611576,600.0
4.201949523927228,1.9895646182945732,0.6471018622042841,117.98757967980671,1.0261888008746125,24.0,0.7190020691158712,600.0
1.8083149001932608,1.7909750349106075,0.41516698096500426,95.17411692393561,0.9796273480211221,24.0,0.4872221273949357,600.0
6.805935972517967,1.6048919903603198,0.747151183875331,93.84371680735657,0.9680119375710386,21.0,0.8301679820837011,600.0
7.810080382834016,2.999488822257156,0.77158418758597,106.58961413733242,1.0586867038484684,18.0,0.8573157639844111,600.0
10.036960547445469,2.2033848487261585,0.8115088502563882,90.51959353940427,0.9116337464670027,17.0,0.9016765002848757,600.0
4.629707598020433,2.333789878298077,0.3295085470761103,98.8590846065648,1.0683145963418172,20.0,0.3661206078623448,600.0
4.111947395108837,1.725247919192895,0.5294939596994637,90.44749466551515,0.9404143990807974,15.0,0.5883266218882929,600.0
4.1174646794837795,2.0164036294226726,0.6424047734621032,89.43940226944598,0.9857690541709767,16.0,0.7137830816245591,600.0
5.934464218980027,0.8656177850856664,0.7210049736261915,114.33595518070179,1.009734484223365,24.0,0.801116637362435,600.0
5.077439489377662,2.0838989790307574,0.6890257878902273,111.33035363042148,1.0812695368874614,17.0,0.7655842087669191,600.0
4.3031875543259845,0.7891840642807659,0.531505036524153,99.1700152321642,0.9336318040068103,22.0,0.5905611516935033,600.0
7.539231364110764,1.9556961390585959,0.76549142945434,101.20769962193461,1.0639899365650152,21.0,0.8505460327270444,600.0
3.7983144396291415,2.607032441815866,0.6017561442126267,103.92342930942014,0.9168350010702997,25.0,0.6686179380140296,600.0
4.158379579807561,2.6676052015982608,0.644696116965485,91.02984298979405,0.9633595452674844,23.0,0.7163290188505389,600.0
5.117311979949237,0.7002903552284078,0.6906855242590542,87.56764641009283,0.909664409391675,22.0,0.7674283602878379,600.0
2.860207019098066,1.1246068530677742,0.5521812072407057,117.36662550384267,1.0290861205654143,19.0,0.6135346747118953,600.0
3.2096462261619507,1.4427295411166505,0.38635164261455557,117.91109242887279,0.931784842399651,18.0,0.42927960290506173,600.0
4.445243791916048,0.6120957412391929,0.3255436356057987,108.44306727518833,0.9201791198083502,20.0,0.3617151506731096,600.0
2.7744707837215277,1.458742117475237,0.257093440723787,100.91493044493782,1.0572617693828787,15.0,0.28565937858198553,600.0
5.01198171209526,1.7011703807596439,0.6862596316287415,115.50119358046541,1.0609000809662092,17.0,0.7625107018097128,600.0
4.48537805519268,1.276874807980829,0.44734366929000813,92.81948862777834,0.997889014278401,22.0,0.49704852143334244,600.0
3.8562665820252278,1.6333680760193034,0.347841588698469,117.17550878719538,0.9250919493749713,17.0,0.38649065410940997,600.0
0.9929679237459792,1.3658979005148266,0.2703070941253761,94.7078338557119,1.042005448892309,23.0,0.4773915025645473,600.0
3.32648549705005,2.8007419059626164,0.27588954427679324,109.12717739027428,1.0084399434309628,25.0,0.3065439380853258,600.0
3.115625205856109,2.43356934871968,0.5743105289694279,111.52950088058876,1.0121952858478014,17.0,0.638122809966031,600.0
3.252482007923705,1.4713509390010069,0.5454943697254,100.38319350157353,1.01405062229108,25.0,0.6061048552504444,600.0
8.889149733921055,2.810080200308803,0.792913221874518,89.73049687049217,0.9962503476212471,21.0,0.8810146909716866,600.0
1.1007549992441017,2.076803748960791,0.2892852486055226,91.80335496087933,1.0645047947136168,18.0,0.4656958139251377,600.0
2.177179462415148,2.456903943831575,0.4785470258857968,107.15575754702468,0.9840841366856927,16.0,0.5317189176508853,600.0
4.586129221254149,2.1463238863124747,0.39743237845399026,99.82239075357204,1.09887480846273,23.0,0.4415915316155447,600.0
2.60567227273622,1.378149868732725,0.5275004335680819,91.17417702986822,1.05922620022826,21.0,0.5861115928534242,600.0
7.644713057117106,0.6552552300386594,0.7679040933356218,111.12876115375923,0.9009871452113608,15.0,0.8532267703729132,600.0
4.8511449771008905,2.3787891753917765,0.34912590994353854,84.45893846067011,0.9528958335004901,20.0,0.3879176777150428,600.0
4.171818690906748,1.9256206580192416,0.6396315569152065,90.70534844902318,0.9184640228259804,24.0,0.710701729905785,600.0
4.049245500026898,1.2870202327435794,0.5728496199900446,109.19662407599063,1.04648679822465,18.0,0.6364995777667162,600.0
11.045237978876758,1.5507043003709617,0.8252238712372901,115.1173871196767,1.008794218170646,19.0,0.9169154124858778,600.0
3.987009588390458,1.9441849969574359,0.6348826565425374,95.12305291168678,1.0797952000301767,17.0,0.7054251739361527,600.0
2.504077692150556,2.1414443826371676,0.5168069110305069,90.86238355427832,0.9248739553489024,24.0,0.5742299011450076,600.0
4.178560431901249,0.7144752989368068,0.594085608087641,113.83958103292825,1.0115621272973572,21.0,0.6600951200973789,600.0
2.019236994035811,1.999449089484306,0.45761849011640954,96.15884461885966,1.0756503733441316,17.0,0.5084649890182329,600.0
3.9702796408965995,2.7948326880447074,0.565413452869599,89.28035409116515,0.9620312289502365,24.0,0.62823716985511,600.0
2.1026674904664358,2.371274060378015,0.3660844015590933,95.26719630604525,0.9166777291045904,19.0,0.4067604461767703,600.0
6.842201552575744,1.5639034100984675,0.748128589806371,82.71447336141287,1.0507433555587506,22.0,0.8312539886737454,600.0
1.789091818124606,1.4234806497636803,0.37805486150849277,81.82906719563427,0.9123105224203168,20.0,0.4334269209849192,600.0
2.377303578893577,1.1019207203723216,0.39979697742887865,105.67390407646154,0.9019213125953589,24.0,0.4442188638098652,600.0
2.78042436631184,2.512293502465877,0.5447491994012329,118.08938614305796,0.9830263721255703,16.0,0.605276888223592,600.0
3.686597208152331,2.2847179251193013,0.5286475330447845,89.47619541216606,0.9555161145140394,18.0,0.5873861478275384,600.0
2.38951341440467,2.1106694646088915,0.5041033851178135,103.96602364953955,0.9459464769276659,18.0,0.5601148723531261,600.0
2.641172777472662,0.5361789561428998,0.5311178962756202,119.44326539875382,1.0162849295284453,17.0,0.5901309958618003,600.0
8.246195292997951,0.5467022799703086,0.7807319727823734,81.48675964113392,1.0563473787331645,17.0,0.8674799697581926,600.0
4.140078898807513,2.925219791809626,0.6436751267071175,105.44462985218557,0.9544711683904723,20.0,0.7151945852301305,600.0
2.6946096629379,0.5848363052564679,0.48043429636379653,116.0590095570881,0.9733684848682785,25.0,0.5338158848486627,600.0
5.210866581950332,2.1924960469869186,0.6945070474982967,92.30256772506436,1.0028557847603756,22.0,0.7716744972203297,600.0
1.696855708733293,2.971941768300311,0.40862602033984274,81.07531639618647,1.0022572788178636,19.0,0.5076994008489891,600.0
3.443912993621086,1.7387976478037346,0.585903960542089,105.6339457186794,0.9627016979193888,16.0,0.6510044006023211,600.0
5.623373688825921,0.5981583401058517,0.7102309954063539,118.37956653113167,0.9323921202490781,16.0,0.7891455504515044,600.0
4.975760446272081,0.5783350636885719,0.684706381015352,83.73353687702011,0.9941372383749537,19.0,0.7607848677948355,600.0
4.514575455964889,1.8291913955943226,0.47233420073246524,82.53396422266529,1.0226635672985593,21.0,0.5248157785916281,600.0
2.3482531412166905,0.6713560542737064,0.44595766464839093,83.13054516442389,0.99894636525686,22.0,0.4955085162759899,600.0
4.45432255495875,2.755445555117671,0.6603799075885571,80.60362475701875,1.0766006513677315,23.0,0.7337554528761747,600.0
2.7999739760508042,2.3470452503405568,0.5512056364493012,100.20380497997273,0.9398552556188124,20.0,0.6124507071658902,600.0
10.33782721915969,2.1353736912322816,0.815827998989626,90.2486733781397,0.9195641350096945,24.0,0.9064755544329177,600.0
3.632393808217194,2.0610445079988837,0.46674589516837406,86.46066751437532,1.0834173209833136,18.0,0.5186065501870822,600.0
6.380039810336099,0.798234131529279,0.7350472436588505,107.99197058437076,1.0535562730241548,18.0,0.8167191596209451,600.0
7.899654072816183,1.6344830751453696,0.7735273150658334,83.30721789391488,1.0269530976768089,15.0,0.8594747945175928,600.0
1.2048897260205584,0.7832048001985972,0.2866741703755483,98.55945185488801,1.0396295591121596,17.0,0.3643862179000252,600.0
4.8723660183609026,0.632477464279706,0.6801812654607504,112.43150078160764,1.0191455951768367,24.0,0.7557569616230561,600.0
1.4468275595683078,2.3223821348181657,0.3075367021490699,118.3348101690795,1.0502814164359164,23.0,0.4240413233643744,600.0
2.0730175984202224,0.9141760133916204,0.33648240492281617,80.99183041499252,1.0350829173148013,19.0,0.37386933880312906,600.0
2.2772517474146095,1.2123747030941474,0.3741537046021116,98.42388745530089,0.9791964183992863,16.0,0.4157263384467907,600.0
3.4082605099091854,2.533299559131052,0.3136773923880213,98.35263401021352,1.0323987514846262,16.0,0.3485304359866903,600.0
2.312134310103679,2.6028727022499916,0.26901124789904873,80.85642954566293,0.9148414413915084,17.0,0.2989013865544986,600.0
8.16559300248748,2.4217628159812272,0.779099049436533,96.00032285016066,0.909260323118507,22.0,0.8656656104850368,600.0
1.9619294276367025,0.7428069847915721,0.4495727581349454,119.04774426271453,0.9807660314744973,22.0,0.5411709363258072,600.0
4.84865447909068,2.6123130489458832,0.6791239692517548,116.14221211645128,1.037366275461756,20.0,0.7545821880575054,600.0
1.7367708974038663,1.5268836459328972,0.3734162379588595,96.5968441414648,0.9100078119196596,21.0,0.4533871587554906,600.0
3.5815058416687178,2.6616061021817488,0.49602672010383136,109.4952856973256,0.9362831742398747,18.0,0.5511408001153683,600.0
4.187142399309415,2.2438253201863505,0.30636838400836236,113.3028308824361,0.9764682661858023,18.0,0.34040931556484705,600.0
11.484248738590294,1.0545515762653754,0.8305758088177596,85.35140980906766,1.0640737904192392,22.0,0.9228620097975107,600.0
7.358298062630186,2.7175426829461777,0.7612288007278205,91.38042465791578,0.9432275616911873,20.0,0.8458097785864671,600.0
2.7436556833196706,1.1361060222096242,0.5493019866335915,80.36938894957031,0.9454912060044539,17.0,0.6103355407039907,600.0
3.5341694460866817,1.8438258249237822,0.5333359718303863,83.0742122161856,0.90126595576709,24.0,0.5925955242559847,600.0
10.8619165904575,2.093596507363281,0.8228847986255966,97.44683357606488,1.020701218939727,23.0,0.9143164429173296,600.0
3.346709643819448,1.4264461909884552,0.4182805078324757,116.63990663741953,1.0055498540948316,18.0,0.46475611981386195,600.0
3.005713281646738,1.9126598652906068,0.39223907441818257,84.09547104707323,0.9416935177605208,23.0,0.4358211937979806,600.0
3.8295351083279217,1.786317781805083,0.26742192008975096,82.17297616539146,0.9409542978073923,15.0,0.29713546676638997,600.0
4.889121381339627,1.5416473331416096,0.6809239301898933,98.28856771986689,0.9265695233051219,16.0,0.756582144655437,600.0
3.010582484117708,1.8806628013155111,0.2716695157278756,84.77511761488174,1.0958701126004726,24.0,0.3018550174754174,600.0
4.414957495680971,1.6562662034599076,0.5128852895404971,94.02610267096301,0.9371445584843214,20.0,0.5698725439338855,600.0
3.8103869776864645,1.4086626007118026,0.30877179326482823,91.69745832690258,0.9062546532246868,20.0,0.34307977029425357,600.0
2.036219216728872,1.8672638713336471,0.4599547518860693,100.75888932269531,1.0670879540675833,17.0,0.511060835428966,600.0
4.556752108216578,2.3730064476742294,0.26960782824715257,117.06844672785641,0.9396630815912911,23.0,0.2995642536079473,600.0
4.329941077160372,0.5876231657421668,0.6539718157588437,89.0287459116243,0.9575469692597033,19.0,0.7266353508431597,600.0
3.7781329912611428,2.2673134079235826,0.35108837864364045,114.71273980786094,0.9469672112077039,19.0,0.39009819849293387,600.0
3.064709168840383,2.9914147818743997,0.38207898408484914,114.0363706751292,0.9054723189353499,15.0,0.42453220453872126,600.0
1.3623855372258369,1.0056322906804542,0.3472815029098312,115.97353043229869,1.0757792936084916,16.0,0.4044268674835264,600.0
12.620021974323189,1.9213275607254499,0.8429817380263555,104.12607975369566,0.9154631435116286,17.0,0.9366463755848394,600.0
4.772631250679248,2.277727261880222,0.5075873202310688,100.16474859017379,0.9759825170921308,17.0,0.5639859113678543,600.0
3.6291962221877405,2.907037530847024,0.6123886951778359,88.77758796834146,0.97804486072934,17.0,0.6804318835309288,600.0
2.8298557445525585,0.9119488888236944,0.5646493865954285,105.83039699887922,0.9429397682208964,18.0,0.6273882073282538,600.0
8.973139855456166,1.0491474864682941,0.7944018322518621,94.5280589149099,1.0099242588427908,23.0,0.882668702502069,600.0
3.972964156581597,1.531990139094313,0.6340524974894839,112.67510340736055,1.0605892503941647,16.0,0.7045027749883154,600.0
1.482470415959717,1.0230827609852193,0.3708326654000951,104.90456958767223,0.9045521371280482,25.0,0.4889046631553359,600.0
8.131080127219157,2.9405756076392495,0.7783920995250379,107.72528427332327,0.9081481594030343,19.0,0.8648801105833752,600.0
10.922782109727653,2.919260584246773,0.8236685071725532,103.63874111669472,1.0858017487552603,25.0,0.9151872301917259,600.0
1.6400271728784905,1.5222721499487903,0.37983257574469576,80.4342826028685,1.0893995845914977,20.0,0.483490605064081,600.0
4.807816928159488,2.822066233268103,0.4034915193351163,96.87214991090593,0.9956759250923867,23.0,0.44832391037235136,600.0
1.1471074999893485,2.027943920798318,0.30028802985774306,84.92985601957461,0.9675414697769995,23.0,0.5102586834297337,600.0
1.5148685111647484,0.6307016804794403,0.37689100884886706,109.03676441446902,1.0400216787040746,25.0,0.5045149716845797,600.0
13.167673935457085,1.4662047691374034,0.8483235577086882,102.28618963182717,1.0295088702784652,16.0,0.9425817307874312,600.0
4.183992725488025,0.9798983887711177,0.5880602239375528,91.91121044567814,0.9610570376641927,21.0,0.653400248819503,600.0
10.00222863891691,2.7118341408300033,0.8109967706682492,95.32144163189722,1.018251480556887,20.0,0.9011075229647213,600.0
1.8552207720855443,1.104628391742228,0.43389254444766634,92.94554789974624,1.0611511913365603,22.0,0.5155571330886609,600.0
7.3013458196508365,1.1150348861860135,0.7598533781294525,102.57949756065425,1.0033801457312985,18.0,0.8442815312549473,600.0
4.833878174802518,1.1759674938921392,0.643762759621348,113.02940782798495,1.0803991613991877,25.0,0.715291955134831,600.0
1.9262532095554128,2.7414693273553037,0.4444340701463364,99.69511060012772,0.9043829421485766,15.0,0.4938156334959293,600.0
3.7730754163751445,0.9485505371548035,0.6217829277193689,86.1101969776187,1.0700230987771524,25.0,0.6908699196881876,600.0
2.633182882003621,2.014768330019723,0.5303089537374119,102.74324809519719,1.0745140504079742,19.0,0.5892321708193465,600.0
3.954070380258634,2.687979152967162,0.35320060352300664,115.39824415944452,0.9374595146074376,22.0,0.39244511502556295,600.0
11.942188536380169,0.9899658300359728,0.8358119533080504,97.95745014399739,1.0577879048114849,18.0,0.9286799481200559,600.0
4.206984686059587,2.362914301439117,0.49577064982844604,119.21905418094133,0.9500600082790749,17.0,0.5508562775871622,600.0
11.369007101770796,1.8314421516907469,0.8292037187756902,89.97793886257597,0.9087808304653121,18.0,0.9213374653063224,600.0
6.626224475688606,0.6474359189254418,0.7421879853537257,87.63560725619759,0.9757205390247736,20.0,0.8246533170596951,600.0
3.6769680601676753,0.501546009617834,0.6155630167380142,93.6302449081226,0.9433032771546376,19.0,0.6839589074866824,600.0
3.553497170378924,0.8383233649446815,0.6072415211105912,93.67384547503603,1.0979528674415315,16.0,0.6747128012339901,600.0
10.59128392019257,2.85399426146177,0.8193116050025308,89.0507907367526,0.9951619873314402,19.0,0.9103462277805897,600.0
7.461495653380649,0.8687917851660525,0.7636796441319942,81.02938125428514,0.9767811152388682,22.0,0.848532937924438,600.0
3.9721140875341456,1.1206788026163117,0.5912650160950823,104.30582350817882,0.9999246699105844,24.0,0.6569611289945358,600.0
8.052084355439431,2.6262301161243267,0.776756139423705,99.0585202295457,1.0047438872897796,21.0,0.86306237713745,600.0
2.9317683094505496,2.69511398988447,0.5586282961913491,85.7972395021646,1.0254129310291347,17.0,0.6206981068792768,600.0
4.897436704768742,0.805011136764485,0.6812911387842469,80.94745596327274,1.058312573562239,16.0,0.7569901542047187,600.0
6.2901674373992424,2.707043537565752,0.7323357211218562,101.08920376047844,1.0471171768112955,23.0,0.8137063568020625,600.0
2.1551298611497107,2.38365391779604,0.4757296133998768,84.00207423530122,1.0005724957799864,20.0,0.5285884593331964,600.0
7.323604482734001,0.7045887096290767,0.7603928996341821,86.97752338794382,0.9140898901969741,18.0,0.8448809995935356,600.0
4.013587691851172,0.5630882738399398,0.581987827291411,82.12106953515938,0.9574647431750125,21.0,0.646653141434901,600.0
3.8350098133899415,0.82211907029219,0.4740008777142224,110.49154326463085,1.0326970569591336,20.0,0.5266676419046915,600.0
12.073944426654474,2.9529021733306724,0.8372576326980964,88.24629711583155,1.0884668644797622,19.0,0.9302862585534404,600.0
3.9627037388621,0.6007049462357208,0.4302768159941705,97.50589124648354,1.0130903831180589,18.0,0.47808535110463396,600.0
2.007494914380777,2.3611018976506495,0.4559904521328214,113.42661737737748,0.9299575714737254,18.0,0.5066560579253572,600.0
3.365881305147987,1.521395213917697,0.2843152358186626,99.85789649241138,1.0366674496761006,17.0,0.31590581757629177,600.0
1.1525038494390574,1.0716320479158592,0.34317623169611644,90.28461672668105,0.932695844408954,21.0,0.6588097042370077,600.0
4.244473567730651,0.5178280649727738,0.6575733746459618,92.73550829430752,0.9616114286035684,19.0,0.7306370829399575,600.0
3.0332957392088513,2.8199264175948664,0.4111486901558369,88.61532297652067,0.9435813124109049,20.0,0.45683187795092983,600.0
2.768361129598122,2.2111036286174555,0.4866932236509657,117.84566442581783,1.0341944080180259,24.0,0.5407702485010729,600.0
4.938349741873245,0.689884181009423,0.3026276875674063,113.47271008571303,1.012559894578704,19.0,0.336252986186007,600.0
4.423271777357575,1.2668133769081886,0.6588040220438756,87.32540937092935,0.964617835615473,21.0,0.7320044689376396,600.0
7.051293863721598,1.8185254677016054,0.7536132344211085,81.1759204205397,0.9507695787539406,24.0,0.8373480382456762,600.0
6.99502857294904,2.168868125035829,0.7521620676522993,107.6409557784839,1.0309457709692986,21.0,0.8357356307247771,600.0
5.354233950379759,2.1080251698093737,0.7001730680640262,117.21332667786001,0.9159919627280493,19.0,0.7779700756266958,600.0
2.6996900135915793,2.7251841366101104,0.4223744762502668,99.56866803911512,1.073168440409459,21.0,0.46930497361140755,600.0
3.624550543012897,1.8695011154615424,0.6120769906560041,86.30471040735429,0.9478749475876717,17.0,0.6800855451733379,600.0
10.574272435582795,1.5875036605907662,0.8190820407508045,93.18565537932183,1.054187391728317,23.0,0.9100911563897829,600.0
8.647729474873508,0.6812702421151693,0.7885072914346803,93.97366133843188,1.082090243197434,18.0,0.8761192127052004,600.0
2.800067043679061,2.7024879355395957,0.5466035937032931,117.85835814726693,1.0211741994808414,15.0,0.6073373263369924,600.0
4.68397518670252,1.9500467290727472,0.6715704198919261,86.7100775827586,1.0876827173748194,16.0,0.7461893554354735,600.0
7.777594919835067,2.891997570704494,0.7708708728854822,90.66816648600418,1.0186479192443418,19.0,0.8565231920949803,600.0
7.492449852296739,2.3145916343845423,0.7644045805285811,92.14056438949855,0.9670373697802697,21.0,0.8493384228095345,600.0
2.6468036941205977,2.54450205906243,0.42808451415563736,92.04894219942884,1.0114209096356659,21.0,0.4756494601729304,600.0
6.977306955549757,0.9960155279980305,0.7517012899155926,112.89725325054012,1.0283545681755104,25.0,0.8352236554617696,600.0
3.1265438414060354,2.005764384002321,0.4700450752486034,81.27776559859946,0.9776392871196921,19.0,0.5222723058317814,600.0
4.439285550686386,1.756584210985146,0.6527417374994618,112.79106979121514,1.0830240239528013,20.0,0.7252685972216242,600.0
3.7339622922141977,2.461866279835596,0.27275501031682214,86.91375915888766,0.9856001432978551,19.0,0.30306112257424683,600.0
2.7031561660807757,0.7396866502745546,0.4836420753175181,88.33201668531667,1.0634438960268313,15.0,0.5373800836861313,600.0
4.541400884408783,0.6259018457884071,0.6677361716478436,89.2280410743397,1.0868389976496375,19.0,0.7419290796087151,600.0
3.4576725957115846,1.891217125888563,0.5749662206343105,113.24486011519275,1.012881244388999,15.0,0.638851356260345,600.0
7.089254735069778,2.9467420255698538,0.7545823072593429,85.22725527991336,0.9913965174202364,20.0,0.8384247858437144,600.0
4.160921818400912,2.422107229160198,0.6480989887607105,114.60352135422164,1.0124955347602063,22.0,0.7201099875119005,600.0
12.22916891228983,0.6062123379280753,0.8389277355274174,91.9514899213715,1.0167735244452956,24.0,0.9321419283637971,600.0
3.3433608015950878,2.568505762062858,0.4841126581016462,111.76930858720955,1.0965963158139531,23.0,0.5379029534462736,600.0
2.1147478296232642,1.643270063190356,0.4324451724800754,111.39624913463243,1.0013175548082391,21.0,0.48049463608897264,600.0
3.492927468847138,2.676531780106072,0.6030158392953084,103.15152707081373,0.9920667188813602,21.0,0.6700175992170093,600.0
2.300582261222277,0.8524388137743684,0.4649020582854174,114.10287157998428,0.9985664634135598,24.0,0.5165578425393527,600.0
4.029487304049551,1.5019431233655947,0.5486112083629356,105.13791502010093,1.045595334847016,22.0,0.6095680092921507,600.0
4.946146056451974,2.8697096044044192,0.640009515535032,85.34247008563786,1.083727899427325,18.0,0.7111216839278134,600.0
3.6668220535458502,1.8997773610082296,0.6148935207865873,116.5623114660178,1.0841787193998962,20.0,0.6832150230962082,600.0
6.122505191431561,1.3639997752741828,0.7271179510233952,106.02768052539281,1.09826175620961,20.0,0.8079088344704389,600.0
3.02675545564542,2.5784840844117913,0.5668830511068769,108.34291805160136,0.9477118274665397,21.0,0.6298700567854187,600.0
8.641721143719806,2.3678543944846444,0.7883951593071477,114.07794612851913,1.0031464115570015,17.0,0.8759946214523863,600.0
5.455398742570732,2.3592748637831935,0.7040392104200985,88.88131409985589,0.978587166250315,21.0,0.782265789355665,600.0
4.228177668884706,1.5054740804753586,0.38465758950775447,96.28029640129158,1.0460474243611817,22.0,0.42739732167528277,600.0
7.726236220676721,0.5950202637736182,0.7697336264562655,93.37424333115769,0.9731637921851504,17.0,0.8552595849514061,600.0
2.9782234911579,2.469428685732348,0.4885431968118936,108.39888655896851,1.0195996568092973,16.0,0.5428257742354373,600.0
4.095504760159589,1.6756638887973023,0.5982757337119253,81.20354186838645,0.9170047487971615,19.0,0.6647508152354725,600.0
9.101813621189804,1.773290663163818,0.7966399425750942,83.68318570847863,1.055503088138061,21.0,0.8851554917501046,600.0
4.2731243333594975,2.6536167043071304,0.4507570740529605,117.67601007486225,1.0770054885635532,23.0,0.5008411933921784,600.0
3.6815626631112313,1.3373383703385424,0.34379093757067003,92.68670952933624,0.9836239840233589,17.0,0.38198993063407777,600.0
1.241168711104038,2.7283434202523433,0.3216231902547768,111.65144324240988,1.0604352910906907,16.0,0.4063957424060256,600.0
4.906237463343001,1.9704742113920197,0.5632903844698224,92.6072262318291,1.0354025276327818,21.0,0.6258782049664693,600.0
3.7033732329013205,1.840042239703888,0.5190239495224598,99.34844651999651,0.9816520405725225,17.0,0.5766932772471776,600.0
1.8516798165891086,1.0869333704413566,0.38074389043569556,116.48682622859053,0.9559111955414697,22.0,0.441497375433328,600.0
8.35917141899318,1.8516671585526927,0.7829790258258604,106.10736886404803,0.9078570123435897,25.0,0.8699766953620671,600.0
6.753388102070203,2.814554217824895,0.745720765466847,115.77526998880128,1.0012190154863898,24.0,0.8285786282964966,600.0
4.3667466123082415,2.6745914005831994,0.6558947918317344,118.70315463559345,1.0473483669748982,19.0,0.7287719909241492,600.0
3.8080608741099287,1.53439747513353,0.6239938463033488,114.79185717243786,1.0176202081912715,17.0,0.6933264958926098,600.0
5.1980490945154045,1.2543340330656434,0.6939894064498924,109.55361657987729,1.0739338564305447,16.0,0.7710993404998804,600.0
9.409601749783159,2.5554992220366266,0.8017945703735454,82.89835950002511,1.0349301612969517,19.0,0.890882855970606,600.0
7.886575327237944,1.6644213508207626,0.7732457441945478,85.93360380582347,0.9604775671805648,23.0,0.859161937993942,600.0
1.5760398021804554,2.947635470539323,0.38800689267583666,97.45357369124713,1.0861239451611158,17.0,0.4311187696398185,600.0
11.556658721187047,2.5850814392542576,0.8314264324840505,88.15778638212088,1.059276123855701,16.0,0.9238071472045003,600.0
4.661682316491887,2.2818550039725127,0.6705186552831267,115.6535378877997,0.9709764146243401,25.0,0.745020728092363,600.0
4.703972766770769,1.1653335284208617,0.6725078277639213,106.19829102945359,0.965307453262639,25.0,0.7472309197376904,600.0
2.20796333614834,0.6129473112752607,0.4824265875398388,115.43620380789795,1.0901464556196019,18.0,0.536029541710932,600.0
10.454996880328837,1.7335462079496482,0.8174554487409237,110.52874486840038,0.9640301470666282,22.0,0.9082838319343597,600.0
2.9005578485742394,2.16116884073496,0.5100041442094795,115.07487439753325,0.9421455641784093,22.0,0.5666712713438661,600.0
2.684835999727873,1.9589006195841288,0.5354860525427327,94.9717104890313,1.0706466479389025,19.0,0.5949845028252585,600.0
2.7663612357199425,2.400094463816153,0.5434114584843615,110.15162034870013,1.0080404658612925,16.0,0.6037905094270684,600.0
4.41020792893341,1.9775938171212633,0.6581363294855296,102.07079189254084,0.9021841376714108,23.0,0.7312625883172551,600.0
2.8153952732201004,2.588862929989152,0.25170921958399994,86.44705757313338,1.0103505359916984,17.0,0.2796769106488888,600.0
4.138645481599306,1.7515242407152918,0.43505608211638847,98.46685377742315,0.9679703306582303,24.0,0.48339564679598723,600.0
4.150052674945998,0.9462938299378884,0.5595075505867262,116.32061825126735,0.9510704844158415,24.0,0.6216750562074735,600.0
2.208552040364589,0.659049526581866,0.48250017599731426,110.62723239392783,1.085031867062713,22.0,0.5361113066636826,600.0
11.100331456777111,0.955975751928839,0.825914485606499,80.7035183906138,1.0922631267387388,22.0,0.9176827617849987,600.0
4.194885384343283,0.5423360930161414,0.5271878787399495,99.04049773920202,0.9752754061540152,15.0,0.5857643097110551,600.0
6.286405135829741,2.4279151385070783,0.7322209365013537,112.71731347637115,1.0339152460356067,24.0,0.8135788183348374,600.0
4.327506388688613,2.3845317144377627,0.39643861414983017,85.8561866383487,0.900465882361489,20.0,0.44048734905536685,600.0
10.141105662616875,2.9795713354739783,0.8130273486358695,81.99696846289054,0.9724077804048157,15.0,0.9033637207065217,600.0
2.204973913219818,2.1025095014293127,0.2663035777190764,89.31865238297839,1.0319029615413555,17.0,0.29589286413230714,600.0
2.924311406394963,1.8538379358098627,0.557965849032739,118.7706240253722,1.016508449343658,17.0,0.6199620544808212,600.0
3.4744327412314195,1.7350197730491987,0.6017059609887623,111.72854505642654,1.040325420398033,24.0,0.6685621788764026,600.0
2.524843524471402,1.5153350454558538,0.48582849311896537,92.5936718103938,1.0653121201099303,21.0,0.5398094367988504,600.0
6.034062329608575,1.4191582442910047,0.724278288987128,82.41937803353734,0.9240613574261402,18.0,0.8047536544301422,600.0
9.924002865663597,2.706136155638491,0.8098328572774016,113.18918653451013,0.9502849135273046,18.0,0.8998142858637794,600.0
2.866384202779559,1.5931621742871207,0.5527457322805601,86.16481111527298,1.0199489101136971,22.0,0.6141619247561779,600.0
2.0464374549177986,0.7757368426575622,0.4613501538020064,94.2853844228285,0.9352569824557173,18.0,0.5126112820022293,600.0
2.1355447594778774,1.0834136609830496,0.3622756561418751,97.64802381906549,0.9885678795332746,20.0,0.40252850682430563,600.0
4.75322449897667,1.6289703278504344,0.3445383446821382,92.16217484761364,0.9691320899523439,20.0,0.3828203829801535,600.0
8.39126753781305,1.6833604885402802,0.7836087143393606,107.37844245214295,1.0438504580299899,16.0,0.8706763492659562,600.0
4.7732457330735185,0.8997539272191158,0.675711487395504,101.04096469021167,1.0179119698815187,23.0,0.7507905415505599,600.0
3.5773292460664474,0.6163622623330585,0.608877783442878,81.65403772088914,1.0054918518891882,24.0,0.6765308704920866,600.0
4.745882813689616,1.7903741333737373,0.32105295280268886,118.85069851284617,1.095697760098129,16.0,0.35672550311409873,600.0
4.3932383864888225,2.5515687553412714,0.25631467127709784,109.68116323608957,1.0862933094100264,16.0,0.28479407919677535,600.0
1.7679738557121982,1.0072194942236123,0.4203488226697878,114.28152141968216,0.9216080636002266,17.0,0.4670542474108753,600.0
4.26838993787275,2.9185339432422936,0.650704089331001,97.18559700156389,0.9293190636774521,15.0,0.7230045437011122,600.0
1.1209716240478564,1.1098889681309028,0.3159333034427123,93.49881217467714,1.0092359277967546,23.0,0.5321315420161955,600.0
2.992332603717939,2.0732866458816934,0.5639303168476149,101.81022372368857,0.9506277754246324,25.0,0.6265892409417944,600.0
4.863557267317626,2.208905845135159,0.6596269720459406,113.2974125127198,0.9113805878076068,19.0,0.7329188578288229,600.0
6.914454395861733,2.407233704314481,0.7500525120383076,98.22907126043194,0.9369083547341253,24.0,0.833391680042564,600.0
2.28626386550153,1.6458534426503844,0.4920208895407216,109.73745735541725,0.9814087381882789,23.0,0.5466898772674684,600.0
4.428421452414482,1.0512433769005205,0.6173996601808045,112.26530703328956,0.9897880833830006,16.0,0.6859996224231161,600.0
4.46895934687973,2.321848071071457,0.5019645622458576,118.61188743258482,0.9345032034169896,17.0,0.5577384024953974,600.0
3.914572627464831,1.046650430731747,0.6365559003813223,94.86219623587859,1.0751601989006832,25.0,0.7072843337570247,600.0
3.2958752559013416,0.6781523605370624,0.2963067869328711,104.04052543614064,1.0239690185268118,24.0,0.32922976325874564,600.0
3.274868663228359,0.5568991536338425,0.2584351950447846,116.85537292526024,1.0312985568254145,17.0,0.2871502167164274,600.0
2.5610816436244024,0.5521955876278326,0.5002526609653364,111.0034027815385,0.9233295260237333,16.0,0.5558362899614848,600.0
2.026311209182227,1.5076955075832688,0.3906346634350627,107.69463564712382,0.9651908245013684,24.0,0.43403851492784745,600.0
11.3443447816006,1.9158391814709095,0.8289071172385424,106.94010096267915,1.0405586696940154,21.0,0.921007908042825,600.0
2.496273539977019,2.2227321844664925,0.33094853435716837,114.96540764693572,1.0880920928644573,24.0,0.36772059373018706,600.0
2.528151961274431,2.500880154490084,0.2668103677785468,89.78387683407091,0.9463256815845426,19.0,0.2964559641983853,600.0
1.1276655106522235,1.307298922286143,0.32917215396835015,108.81219395951285,1.0062505831519153,23.0,0.5653704243652982,600.0
4.972687372282605,2.3014392570041737,0.4453889684520537,106.62142151077467,0.958737731488069,18.0,0.494876631613393,600.0
9.770604328721856,2.520046277027172,0.8075069995286738,103.81398919854988,0.9383396131991648,18.0,0.8972299994763042,600.0
4.472501871701767,1.3826952885545714,0.6612953526783342,102.04494033166233,1.0749317108648186,18.0,0.734772614087038,600.0
1.168166817119141,2.4041279638866,0.2604321939411461,94.62038625247777,0.9284445655030907,19.0,0.4221695030781074,600.0
4.802764778083987,0.6918954491481564,0.6770564780426862,118.23307042783946,0.9706384374947097,24.0,0.7522849756029847,600.0
5.707315469399166,2.8452507698134504,0.7132238257103137,90.94748101308558,1.0627142481496685,23.0,0.7924709174559041,600.0
4.003823172875727,1.4845495511028868,0.6358711349538559,84.33825799183704,1.0202235624656346,19.0,0.7065234832820622,600.0
2.5754674141633567,1.473802053770592,0.5119206206454832,105.50986475119366,0.9067222948075754,20.0,0.5688006896060923,600.0
2.585214745667302,2.3393683185159264,0.5147117919332478,101.45383486548711,0.9190290834296069,20.0,0.571901991036942,600.0
9.523568152398516,2.9368383090538246,0.8036354119333415,96.6750699980804,0.9727415305512144,24.0,0.8929282354814906,600.0
4.926759894583536,2.9005339047176695,0.6300421013948421,107.14733374575333,1.0785149121468656,21.0,0.7000467793276022,600.0
3.653204819571508,2.9042427580885266,0.3951530499544669,100.42901173164506,0.9244701378910178,21.0,0.4390589443938521,600.0
1.96952815622995,2.3098854976674796,0.37214062577444823,100.98866506740427,1.0793628464851694,18.0,0.41348958419383136,600.0
3.623643164905231,1.4982396367446937,0.4019739300467525,97.31869203570798,1.079521948664898,15.0,0.4466377000519472,600.0
2.3544544732859816,2.5253047188518036,0.395628184312498,83.1684357041347,0.9218449633356336,17.0,0.4395868714583311,600.0
3.463374898356107,0.934323493123137,0.4600314305656295,94.82071981192672,0.9098046335401494,24.0,0.5111460339618106,600.0
2.47472741337644,2.198407079187886,0.513619607410513,100.27815053558443,0.9296650707364595,18.0,0.5706884526783478,600.0
1.7212303894088898,1.3050772558134578,0.4292725510877127,106.44135363461166,1.0466700836080933,16.0,0.4769695012085696,600.0
3.8647361252794328,2.2484397491969554,0.6275171946509318,106.85249991147128,0.9144286947286265,20.0,0.6972413273899243,600.0
3.2883685389342228,1.1398050360227074,0.42365221020400257,84.74845026057594,1.0723455826348616,18.0,0.4707246780044473,600.0
2.2345796584971005,2.0671357046723653,0.26379704150126604,98.68019673743608,0.9639896867418734,22.0,0.3103712155314328,600.0
2.498809672911518,1.3218888896887946,0.5162381475706275,105.07212082515868,0.9943122478117794,22.0,0.5735979417451416,600.0
0.9703876742685812,0.6730627625619247,0.2719774562910441,102.15705168751533,1.0369694276156993,20.0,0.5000020557311887,600.0
1.7816134086313542,1.0723868757782569,0.38344244468008026,101.79026858941975,1.0709990264634048,16.0,0.4260471607556447,600.0
1.8062446140597337,1.152606272151603,0.44016168237939707,119.57988145584139,0.9868080847418254,16.0,0.48906853597710787,600.0
1.5048391521434918,0.7527362175352297,0.3750284569039676,110.00433408515839,1.0027278163767481,22.0,0.5042374010155286,600.0
5.380616838854643,2.165779172370408,0.7011915976172132,109.91663015559506,0.9518858136004116,16.0,0.7791017751302368,600.0
1.9390841980138618,2.8839245089096206,0.4145393508973423,87.28837238687785,0.9590834869251827,20.0,0.46059927877482476,600.0
3.483345110819829,1.872439814420125,0.43563037164994844,108.91135524564525,1.0734322155284413,19.0,0.48403374627772044,600.0
1.3922132192277177,1.397309730723372,0.2906326992875737,110.10489251657955,0.990780630754694,19.0,0.39941888185119667,600.0
1.8593012347839326,2.7377130490912647,0.353821590106486,108.52887524580409,0.9291099065260081,24.0,0.41372019476886646,600.0
3.232721887819016,1.2211208926938202,0.5836881790079071,115.27517175514264,0.9685280595810716,24.0,0.6485424211198968,600.0
2.934014877928033,0.7111606471304659,0.3674016987802621,92.8895361326214,1.0332942660307018,20.0,0.4082241097558468,600.0
10.954088962287116,2.8851250468390743,0.8240688482184791,84.25685368125225,0.9696772374118874,15.0,0.9156320535760881,600.0
11.62761828072511,2.2693789067882446,0.8322515652178545,107.9076828491505,0.9340017252843207,16.0,0.9247239613531716,600.0
3.751476942660525,2.894548188251506,0.5691603473757161,106.05365255001337,1.0071513935176069,25.0,0.6324003859730178,600.0
3.865443802625798,2.836794452518543,0.3423694778720997,109.08017236385857,1.0259014789776462,15.0,0.3804105309689997,600.0
5.256339778248294,1.1849818219957793,0.6963286269116696,106.79649427839779,1.0878562948171902,20.0,0.7736984743462996,600.0
7.515913844572513,2.148602263478412,0.7649510163843599,95.37640596437852,1.0288545002178109,18.0,0.8499455737603999,600.0
3.9250660244898405,0.9255692646563811,0.6311907640065717,90.08293107529094,1.0247998557206213,22.0,0.7013230711184131,600.0
2.3846941659217857,1.9825541173070913,0.48753601600480057,91.21304138390366,1.0809403036676604,17.0,0.5417066844497783,600.0
1.5914105955556974,2.6921526757392815,0.31153851514906283,103.58093462307718,1.0735310653785093,16.0,0.3461539057211809,600.0
1.252157033043773,1.4963566686571146,0.31688525633534864,98.64839253024496,1.0839016745290753,22.0,0.4852876271350111,600.0
4.822722179347001,2.995210186164569,0.6779591019811879,102.85938515267648,0.906072610399013,22.0,0.7532878910902088,600.0
3.9873144572296493,2.355531412444317,0.419372206368131,98.11785981178332,1.0940070014143246,21.0,0.4659691181868122,600.0
3.302983896550525,2.4683140661001186,0.5891045773335448,84.53868012297943,0.9741242053683188,18.0,0.6545606414817164,600.0
5.55831993781591,1.4513859809671539,0.7078657832179712,116.15962763117949,0.9799111796151119,21.0,0.786517536908857,600.0
2.8361183256018556,2.4133099524011383,0.5021614683181088,115.34316683396105,0.960901635731503,21.0,0.5579571870201209,600.0
3.8869857868132023,2.195941377904304,0.3613337182862106,93.233295307017,1.0961819887027056,19.0,0.40148190920690063,600.0
3.7390470036824244,2.4389699211220015,0.3867199780590151,95.57123525236858,1.0514767226672854,18.0,0.42968886451001675,600.0
0.9513313663531907,1.0319849624980901,0.2624795761669181,102.41086193259719,1.0039484317741487,21.0,0.4840431997969169,600.0
4.824140614307358,2.8592720749540677,0.35858102699591327,117.56379938739079,1.0450406541304238,20.0,0.39842336332879247,600.0
2.43861909202545,1.6068827587373338,0.35434773677821974,105.71507857227105,0.9563314617331765,16.0,0.39371970753135527,600.0
3.5738228670714207,1.7533777822982293,0.4171746084989375,92.9842117761077,0.9599818862566011,25.0,0.4635273427765972,600.0
7.974234929636009,2.7135145485291368,0.7751191599516217,102.80044998759618,0.9254595543855519,21.0,0.8612435110573575,600.0
1.2730910297847822,2.4467222644473408,0.31993443207986083,103.68226373394018,0.9260878508021324,19.0,0.4629046719442862,600.0
4.862136353176545,0.5777024332437375,0.2611622895751831,95.94483385711457,1.0235905524899664,15.0,0.2901803217502034,600.0
5.786413425842903,2.1197128590852943,0.7159848628256751,102.22304158538215,1.0697662605457836,23.0,0.7955387364729722,600.0
4.226554775591949,2.4935151893502123,0.6484451266794711,108.4505776293084,0.9300383504459281,19.0,0.7204945851994123,600.0
5.47404676473347,1.1488959701580095,0.7047403860863064,106.36148023084093,0.9550004428797205,20.0,0.7830448734292293,600.0
5.545931509386363,2.226262943903966,0.7074107318875134,104.73776174782219,1.0251678050221735,19.0,0.7860119243194592,600.0
11.16485965708806,2.686982022041118,0.8267162768181259,91.70633800318231,1.0285766236439111,23.0,0.9185736409090287,600.0
6.231633439964204,1.3013791428235155,0.7305380991990349,117.32016368247841,1.0688913489560798,22.0,0.8117089991100388,600.0
3.1977390026714527,1.3260026707236285,0.4269594592662861,116.70220697329056,0.9105048106330229,20.0,0.4743993991847623,600.0
3.490807634524292,1.6149375205021022,0.29739061274481404,98.31318229514265,1.0386945114901098,20.0,0.3304340141609045,600.0
7.017242004649417,2.2880424670313353,0.7527371164867493,93.267841622823,1.0715875431443593,20.0,0.8363745738741659,600.0
4.058298515885895,1.7998573053580103,0.6064097941481409,115.2283500892415,0.9271404404107282,16.0,0.6737886601646009,600.0
1.749150506772338,1.7169130564700967,0.3758255852385972,112.94678955742172,1.0430581231460048,20.0,0.44260992139254457,600.0
1.0762537631845288,1.0767771303702631,0.32213871638244396,94.23395815520301,0.9973104909471856,17.0,0.468379201860927,600.0
5.393574455580006,2.398650996621322,0.7016891577076401,106.22710513151243,1.0271463931822231,21.0,0.7796546196751557,600.0
7.113174765731904,2.3777992180741254,0.7551888609958554,88.09380715594354,1.0896473896316112,22.0,0.8390987344398393,600.0
3.10511376629867,2.1592618052154835,0.5082839061951235,94.3771132406675,0.981244934717949,15.0,0.5647598957723595,600.0
3.279276672895177,1.5805725182945893,0.5872940723174043,109.27993468323089,0.9901177401516278,21.0,0.6525489692415603,600.0
4.720900185856699,1.9403326050449725,0.29158774495055295,105.23354625647994,1.0871129005659914,22.0,0.3239863832783922,600.0
5.691607932145963,1.1908082284335304,0.7126687689091082,108.04365706260191,1.0932133632933725,23.0,0.791854187676787,600.0
3.232757283739108,1.5980928439009254,0.5005099763488611,118.14557806153627,0.9512563747768644,25.0,0.556122195943179,600.0
2.975402013196342,2.7361872388584287,0.5624620361398921,98.80343783357603,0.98946269306789,21.0,0.6249578179332135,600.0
3.7905095934292694,2.547972578425348,0.5395240699513875,114.39711994748106,1.0202692839092689,19.0,0.599471188834875,600.0
4.341915517885274,1.3526587994253552,0.6545999594268768,97.26632431426374,0.9521359381731531,16.0,0.7273332882520852,600.0
3.7702183748558005,1.4535800225281454,0.4659741467553754,81.86455689607796,0.9887501524908714,23.0,0.5177490519504171,600.0
4.316654510165195,2.085393299059709,0.6107050068740609,82.0705105008072,1.0328289999741098,19.0,0.6785611187489566,600.0
3.6173327803091393,0.6196959928250417,0.5615542791789896,97.8396181413953,1.074109216114104,19.0,0.6239491990877661,600.0
4.166999125250125,1.8610256515393941,0.4485088119228479,82.69570568952813,0.9991888432168103,18.0,0.4983431243587199,600.0
5.164822832556542,1.3868047429620978,0.692638843042986,98.09156775590975,1.0311790997125987,21.0,0.7695987144922067,600.0
6.096259922426788,1.6662551537101256,0.7262817299439884,91.60623527581745,1.002211605533263,16.0,0.806979699937765,600.0
4.674231317625135,2.590895684041993,0.6711115910682486,108.13318094559716,1.0414607436256664,21.0,0.7456795456313873,600.0
4.038677027012026,1.8221436873022459,0.6379020533557958,115.00151031461246,1.0149748096197198,16.0,0.7087800592842175,600.0
4.505149960011338,2.4764283071694613,0.5715096588358275,115.48582672248783,0.9993565386744939,19.0,0.6350107320398083,600.0
4.577537049455897,1.5823412116717375,0.3504038634451129,84.15347028645616,1.0223735688251365,15.0,0.3893376260501254,600.0
3.6053169964892398,1.9477812470586795,0.3589629017942554,93.90624500514693,1.0933465986412383,24.0,0.3988476686602837,600.0
2.736727574374956,1.1699804668142182,0.45695023539717206,109.78793532741552,1.0939848232038496,17.0,0.5077224837746356,600.0
2.89915822484405,2.6512174771267705,0.31915685115185255,96.1089059639614,0.9391726141229656,21.0,0.35461872350205836,600.0
12.451402366694097,0.7297722275557682,0.8412586645814314,102.33949564380882,0.9875051891901033,19.0,0.9347318495349238,600.0
3.6468209969628793,0.6075184500407775,0.6135663589396048,100.01271624996699,1.0162288797760808,15.0,0.6817403988217831,600.0
5.051607505912519,2.924653905255011,0.6879403708276807,106.51245818332818,0.9139267660233741,24.0,0.764378189808534,600.0
6.942500206822524,2.304068155485257,0.7507910454605249,82.61455277404892,1.0040129630788714,19.0,0.8342122727339165,600.0
3.9545012094852208,0.9930166491704324,0.6329550623991995,81.3128833672573,1.0316314393546437,24.0,0.7032834026657773,600.0
13.085918231945225,2.058933471040353,0.8475497997632966,80.1570159849379,1.0718493957594617,24.0,0.9417219997369963,600.0
3.247602993595888,2.6466735705235784,0.4538095816840582,116.23849484229713,1.053253658859458,18.0,0.5042328685378424,600.0
4.63450662383396,1.3781094219834549,0.3353617674984326,81.56822293535134,1.0494050701683797,24.0,0.37262418610936954,600.0
1.8505723809017343,2.020476924772487,0.43318786376684626,96.60122978380869,0.9666347547938247,15.0,0.48131984862982924,600.0
8.4543368527463,1.821097891681137,0.7848350815647502,110.34512276466135,1.039837887957353,25.0,0.8720389795163891,600.0
1.8205233173489248,1.1734514537370233,0.2817869896750557,98.99241681456103,1.0376961073224176,18.0,0.31309665519450636,600.0
2.5321785810723756,0.6642440591445467,0.5198166431181357,86.75585953339277,0.9279065195399268,21.0,0.5775740479090397,600.0
4.25438402442887,1.6556814282647603,0.6499512797384273,101.57757708688656,0.9744959357225269,18.0,0.7221680885982525,600.0
6.051657797738815,2.2602388770184634,0.724848181097111,112.10465963731973,0.9474156275734039,24.0,0.8053868678856789,600.0
2.6782573451468132,0.7210396885349669,0.5348335358114147,114.49430463725905,1.015585171451021,21.0,0.5942594842349052,600.0
3.34934369028395,1.233386639446297,0.5925960551121512,83.57731929107727,1.06936329663494,20.0,0.6584400612357235,600.0
4.528157178440061,1.6158873177146817,0.6648623032111479,118.80177093977818,1.0048836250007078,19.0,0.738735892456831,600.0
4.878811299331221,0.5831553870569615,0.30830673468154524,83.24150297043195,0.9960116990563729,17.0,0.3425630385350502,600.0
7.605765087371302,2.2976223786239967,0.767019290745906,93.11619905199554,1.0914171314190853,20.0,0.85224365638434,600.0
12.550273113116106,0.878319670523325,0.8422736549950295,103.38724067438532,1.0815722093004516,23.0,0.9358596166611439,600.0
4.829630680678697,2.5073986055165918,0.6098803801961794,92.46633358462991,0.9824323473262012,18.0,0.6776448668846438,600.0
4.7414977366647655,2.023961321453012,0.6742515617047665,119.0772910494149,0.9074523951238335,18.0,0.749168401894185,600.0
2.0361558724987683,2.833972258110405,0.28773332724400835,82.25280264370687,1.011143301094584,16.0,0.31970369693778705,600.0
3.361483837896589,0.9842407574144512,0.5359589733418646,90.61194892135093,1.0007892354397585,18.0,0.5955099703798495,600.0
2.0979212379614767,1.0363233164600107,0.3150224967754883,84.24134880393284,1.0720009960612245,19.0,0.35002499641720924,600.0
11.183679012142308,0.5042515798890921,0.8269486896668037,105.96441414400391,1.0382853913787318,22.0,0.9188318774075597,600.0
4.301745670761618,2.34500459847174,0.2932346060205075,87.49381063344414,0.903203465311474,22.0,0.325816228911675,600.0
3.440381274802845,2.0091971462433484,0.5860629803088757,100.13439486253232,1.0537544423256318,20.0,0.6511810892320842,600.0
2.905659050979559,0.9165158615534494,0.5562993963331547,105.91546764634474,0.9232259522499964,18.0,0.6181104403701719,600.0
4.747096961992399,1.9043620806086967,0.6745100566931131,87.3664007731171,0.9405723096162446,23.0,0.7494556185479034,600.0
9.711799118449319,1.8592494325855362,0.8065997457993576,102.68176608548106,0.9702489090946214,19.0,0.896221939777064,600.0
3.8400806712454,2.4866958416025158,0.44688136512021037,85.14131115561088,1.0479855768320834,19.0,0.4965348501335671,600.0
3.379183192743703,1.934799767278931,0.5903925258705606,91.48558407160948,1.0992012426330888,21.0,0.655991695411734,600.0
1.8418444853080933,2.11656274321832,0.39801409188933623,83.98059732263489,1.076861247438515,23.0,0.45563910034558813,600.0
5.412923054007127,1.509588141813897,0.702428869189135,116.75386304520875,1.0410208299288752,23.0,0.7804765213212611,600.0
3.1578882779059256,2.5955727996778672,0.5777472878164113,94.4968714442077,1.0899726281685749,20.0,0.6419414309071236,600.0
4.814403562448036,2.0446835287277834,0.34090701339504964,108.57048933628278,0.9402133909563608,18.0,0.37878557043894406,600.0
2.8999826815555245,0.9312093957854006,0.5557895585346004,102.38346997229294,1.0389314386161956,20.0,0.6175439539273337,600.0
2.449760386412631,0.9759513999049605,0.40814574619111577,101.10960830451468,0.9568307060095842,24.0,0.45349527354568414,600.0
3.3113475068660225,1.2578640261218634,0.30442048745360784,103.44439384182638,0.9631204239310387,23.0,0.33824498605956427,600.0
10.211141213295406,1.2027107927678913,0.8140344187906974,89.83575676547781,0.948161198919101,18.0,0.9044826875452192,600.0
3.850784185162815,1.4794907315270784,0.27631063007580003,81.3850037547086,0.9607212913313921,23.0,0.30701181119533333,600.0
2.167705220315446,1.3099940411453415,0.47734043244331625,113.12637132445465,0.9305071602439786,20.0,0.5358420373628163,600.0
11.475464409668385,1.126596951514549,0.8304720172806977,110.40979994198685,0.9304746412372864,15.0,0.9227466858674419,600.0
3.823176306654054,1.6623657027323535,0.624940512325614,112.16519418211935,1.013482055726735,20.0,0.69437834702846,600.0
11.923829162086278,2.9774122518501365,0.8356084158266023,88.81182943531337,0.9132621144517125,20.0,0.9284537953628914,600.0
1.477461673599336,0.8856413671766403,0.2750187546959776,89.91450368109287,0.9308239702774114,21.0,0.40051191458417745,600.0
2.448719419669095,1.7795832544140164,0.5107571297481523,111.89473712031085,0.9055838399522684,20.0,0.5675079219423915,600.0
11.856447744175249,2.1809555316736056,0.8348569546320079,99.71806345435513,1.049092880842449,16.0,0.9276188384800087,600.0
7.389921307526577,1.9236457065110644,0.7619854413461064,94.1139770423572,0.9688552433479503,23.0,0.8466504903845627,600.0
4.986829524405192,2.175105322227311,0.6851827793337224,112.475151021977,1.0566301943467777,16.0,0.7613141992596915,600.0
4.102551826367571,2.630252581338227,0.5393080456885895,108.15002955373062,1.072820327582124,17.0,0.5992311618762105,600.0
8.090280561345688,2.931170307612624,0.7775502858253653,119.1964217749969,0.9682666529107888,24.0,0.8639447620281836,600.0
4.981383216149572,1.5480730033393877,0.572281079198856,86.09680137287958,0.9028156348887021,24.0,0.6358678657765066,600.0
4.605800822384654,1.7115274277837367,0.6264906507551216,119.82829821921219,1.04157307977248,22.0,0.6961007230612462,600.0
3.5950773866550563,2.112978518115269,0.49719512334717464,86.25756139574698,0.9936233816723754,18.0,0.552439025941305,600.0
6.672317699630245,2.308515716019259,0.7434803488868591,117.63786629785224,0.9126583281096857,23.0,0.8260892765409544,600.0
1.3169954955754213,1.8472402284936378,0.25578074632966774,116.02396146960204,0.921414965261578,18.0,0.37657512873186894,600.0
2.9572138199709657,2.2559265304115312,0.5608727535600718,113.71640562071173,0.9595511186997273,21.0,0.6231919484000797,600.0
3.422469174946447,2.292522781066997,0.5979753492473001,112.04419503460491,1.0697403193496928,22.0,0.6644170547192223,600.0
4.67189867045834,2.617636507863572,0.5045795503937003,81.42596954257536,0.998330514299534,23.0,0.5606439448818892,600.0
7.197852644422536,1.2707930798269966,0.757311139133769,94.42017837660546,0.9549213250215908,22.0,0.8414568212597433,600.0
7.858955146072706,1.8417268411785124,0.7726487118964902,83.37794790601623,1.0117768234803224,22.0,0.858498568773878,600.0
3.399510389280958,2.6338650682591744,0.5781195635256537,99.97878317855385,1.0529974676656646,22.0,0.6423550705840597,600.0
5.101628788682009,1.222017911635123,0.6900349420742655,97.0066862113292,0.9720194026065011,15.0,0.7667054911936283,600.0
2.610185941613694,2.7853586017746697,0.47083826645010285,102.50277351670738,1.0658901819845474,18.0,0.5231536293890031,600.0
7.727844525914025,2.450941770097854,0.7697694177857646,94.94858281147143,1.0058148886613056,18.0,0.855299353095294,600.0
2.2853573969453067,2.8277807186090436,0.4429810321761627,96.06760183120521,1.030732793146171,16.0,0.492201146862403,600.0
4.498502024798814,2.131540008208323,0.43159150683925546,83.40937461154749,0.9883710252759389,19.0,0.4795461187102839,600.0
6.198391593842682,2.0121849644443692,0.7295058653886449,113.69330113903855,1.044122206759375,23.0,0.81056207265405,600.0
2.579406641068833,1.346149748560407,0.5247849763429662,80.56066066439888,1.032235674261365,22.0,0.5830944181588512,600.0
5.241976406353103,0.98643040914285,0.6957557469505222,105.32986934841483,0.9389614522794526,18.0,0.7730619410561358,600.0
4.710796611708867,0.7347547745143875,0.3273067826804428,91.10891934314944,1.003609367969811,16.0,0.3636742029782697,600.0
6.359846679817632,1.1179753072192775,0.7344430387255712,103.02190295381993,0.9221678036005475,21.0,0.8160478208061902,600.0
5.344668660423124,1.9918867518451628,0.6998019747232933,117.74060707259036,1.0222398920171518,16.0,0.7775577496925482,600.0
2.254885413419971,1.2145729037262583,0.3357406943424103,91.56217265182991,0.9179179747977024,21.0,0.3730452159360114,600.0
4.712867631786748,1.4107523680353096,0.474999255651962,119.54824546170386,1.0662522835389736,22.0,0.5277769507244022,600.0
4.086827782391443,0.7596803024846313,0.5949846677626429,80.26040763551045,0.9871372135639973,16.0,0.6610940752918254,600.0
5.129436664048226,0.9678493771837482,0.6911865071681564,91.31034896056993,0.9828450713496963,21.0,0.7679850079646182,600.0
4.147870596395738,1.4876038626136185,0.2984205908655744,109.3276437224878,1.06286191681244,18.0,0.33157843429508266,600.0
4.897348474285864,2.7798989518038515,0.34162996381029836,96.30454744901009,1.0360169724350463,25.0,0.37958884867810927,600.0
1.4434287200733116,2.8477961248162758,0.2883712573065281,106.32185088789669,0.9025750047445444,23.0,0.39091284411947275,600.0
1.2636989326722343,0.519543332638346,0.339843516000583,100.8250812726489,0.9571029328613487,25.0,0.5113667946655094,600.0
9.845716300187753,2.9637186734111096,0.8086531477512263,90.4591821463712,0.9208207357583899,18.0,0.8985034975013625,600.0
4.109224717233306,1.3160806171665782,0.6419394793134008,100.67147454235271,0.9419998394240751,24.0,0.7132660881260008,600.0
6.879573838104337,2.7919777832328476,0.7491275808872173,84.80950317631442,0.9470796568207087,23.0,0.8323639787635747,600.0
3.2099648649750803,1.8821647900181393,0.4982590458033157,93.00143693418656,1.0947702725692976,16.0,0.553621162003684,600.0
8.99824437971807,0.7807119666759909,0.7948424864369321,93.86173117388029,1.0003697857103238,24.0,0.8831583182632579,600.0
2.5947036270044412,2.489434561412348,0.5263705266860548,87.67838373520655,0.9322228533630447,17.0,0.5848561407622831,600.0
4.475852509212508,1.4359862991899952,0.5829634581799354,113.59917543705112,0.9036316311495014,21.0,0.6477371757554837,600.0
3.738631578473443,0.8943896141796008,0.6195787774686572,80.07039115275592,1.0209613888391287,23.0,0.6884208638540635,600.0
4.433583823655548,0.8170496934641178,0.38358558347864186,86.23873760979103,1.0449174939141879,25.0,0.4262062038651576,600.0
3.0864795796052285,2.7812573501025506,0.27766416601077165,115.85740174821993,1.0800340794901446,22.0,0.3085157400119685,600.0
4.55194380486664,0.5077524184240991,0.40578064922139506,88.010044627578,0.9011254302103224,18.0,0.45086738802377235,600.0
4.85498087044213,1.2952677520840168,0.37621669798451673,82.22480335177849,0.9937738734123952,20.0,0.4180185533161297,600.0
4.343889919410334,1.834961904525465,0.5763544499786013,101.87585460838145,0.9692906996126657,23.0,0.6403938333095569,600.0
3.226749772062538,1.7495610932550343,0.5797697110630281,91.52771336683202,0.9594194200704642,25.0,0.644188567847809,600.0
2.9481944500898862,2.2429478878370555,0.32444103912088407,88.49631439654442,1.0598085652231213,20.0,0.36049004346764896,600.0
2.3308910814286117,2.138367256802602,0.39331364619719117,106.95996435132227,0.9206523883724008,16.0,0.4370151624413235,600.0
7.251954525220902,1.9959606419067215,0.7586470879447683,114.53359644287195,1.0935485023544036,19.0,0.8429412088275202,600.0
6.596521352810693,2.2312572642269695,0.7413479071575739,95.85585762482668,0.9862621800130984,18.0,0.8237198968417487,600.0
3.1719070115646173,2.983968671890569,0.5788740931498462,104.18899758397617,0.9262661122858152,22.0,0.6431934368331623,600.0
3.7234982171268483,2.774229762959114,0.567850782466305,112.23871107817101,1.0278359880987349,24.0,0.63094531385145,600.0
2.0830211219950074,2.7503429439573557,0.3335480824258557,88.36527336043568,1.0446586241754447,24.0,0.370608980473173,600.0
4.882816933672138,0.5594866167227996,0.5202836414616601,97.8861244440283,0.9846372711832095,25.0,0.5780929349574001,600.0
9.02650049569766,2.6576229598727217,0.7953361278425246,80.01637802138916,0.9718393175673022,16.0,0.8837068087139163,600.0
2.862691459414185,2.6969839308841954,0.5473008562224246,95.67921582954268,1.0093527447947725,24.0,0.6081120624693608,600.0
3.8669338318120037,1.7618229827013614,0.27339659049526155,103.52328107783683,0.9351808569965858,21.0,0.3037739894391795,600.0
4.5260426976319845,1.1838235620579085,0.6639611461632701,104.2122061134587,1.0106624891944067,17.0,0.7377346068480778,600.0
4.158702895166776,1.6691900672540723,0.4950270028554201,96.23949037151245,0.966422687568416,23.0,0.5500300031726891,600.0
5.8416834607331385,2.418490824303537,0.7178811024781604,108.87914735583018,0.9975301332861026,22.0,0.7976456694201781,600.0
3.4763834577895096,0.7252864197639325,0.33708248899438004,112.0660274583352,1.0969398816114762,20.0,0.3745360988826445,600.0
5.749833830930453,2.0370981609089838,0.7147150012041146,89.62120891974648,1.0394100168311338,22.0,0.7941277791156829,600.0
3.435348551167888,2.8676692171007474,0.5989069948062665,89.65608426345531,1.0976694914796172,16.0,0.6654522164514072,600.0
3.3237896480095657,2.4498333292446643,0.5531966071139798,105.5914498258382,1.0781435718690633,22.0,0.6146628967933109,600.0
2.62603152418306,1.390329514529177,0.5227389902389967,84.95238570462249,0.989096216102503,22.0,0.5808211002655519,600.0
4.296295718190936,1.7824991459956527,0.29043080676929844,88.97287279644763,0.9180620123729321,20.0,0.3227008964103316,600.0
1.6384280896522134,2.86547692426932,0.4052314165936288,103.07849867151772,1.0575291636823243,16.0,0.4502571295484765,600.0
8.933631979832066,2.5384865443135007,0.793704377599374,100.49234498120983,0.9906671808016452,15.0,0.8818937528881933,600.0
5.490317275457054,1.672705640411818,0.7053493016008201,90.56208138617008,0.9850019381981717,19.0,0.7837214462231334,600.0
3.536026059226211,0.5911488551297969,0.30120230067828996,108.20990990916721,0.9660163291930332,15.0,0.3346692229758777,600.0
5.314157049689657,0.7921408133700851,0.698611722259606,108.97843201985643,0.9280450683072139,22.0,0.7762352469551177,600.0
3.0262000979678154,1.2804721228148206,0.49396778536758557,117.51215402511762,0.9932659303767989,17.0,0.5488530948528728,600.0
4.051988989226031,1.2169401462941751,0.4883745315786968,113.8512518648788,1.0079362456343242,20.0,0.5426383684207743,600.0
1.9034221949293904,1.7423712015480894,0.4410916047099782,95.44055198078902,1.0885358759997747,22.0,0.5046143077537951,600.0
12.854209789622573,2.129009314147616,0.8453123717103962,116.90618026246246,0.9539226070534925,25.0,0.9392359685671068,600.0
3.072804493171337,1.2359014651980074,0.5091619468091362,85.16243439276984,0.9911338493532018,16.0,0.5657354964545956,600.0
4.5738536175151605,1.9678807914204062,0.6663041140736292,100.3417460698956,1.0677529558938608,24.0,0.7403379045262546,600.0
3.0255359512640583,1.730472842560038,0.334706189215334,95.81049851154181,1.0761218617718649,16.0,0.3718957657948156,600.0
8.261793973312816,1.401154229606405,0.7810450959330792,92.40193697416258,0.9968298290560837,16.0,0.8678278843700881,600.0
10.171908527346183,2.570339676460313,0.813471656283975,108.69608704961583,0.9773104947292125,24.0,0.9038573958710833,600.0
4.41155388254609,0.9630121381731505,0.554550264980013,96.3886905555099,0.9931187972030977,18.0,0.6161669610889033,600.0
3.063506258595763,1.9089753675488992,0.5699882468308335,114.91509276794245,0.9466946103751536,15.0,0.6333202742564816,600.0
4.264877721934975,1.57139524474709,0.25257825287918667,85.2673454966848,1.0560877720422261,22.0,0.2806425031990963,600.0
3.6748197725778713,2.7991453415117467,0.35573831447496806,108.73966850869738,1.0946719030469496,24.0,0.3952647938610756,600.0
2.586295458275239,0.9057579762229213,0.5255004253348243,93.06852072917637,0.9422660790901505,19.0,0.5838893614831382,600.0
8.787250214800762,1.4933201364140838,0.791076946135806,90.3969202469543,0.9878922787756473,24.0,0.87897438459534,600.0
5.023158148581021,1.7147505440050161,0.6867356271642822,87.20795277663507,0.9530578707518503,20.0,0.7630395857380912,600.0
2.3984236898035016,1.934277861937475,0.30495779950098106,88.67275085302107,0.919432314737334,22.0,0.33884199944553456,600.0
1.3217157677932148,0.6605488679840087,0.33889306567400684,98.51895391301458,0.9771465644187536,17.0,0.4255888479791004,600.0
6.173766024939227,1.689250458435651,0.7287358058256715,91.89800290374568,1.034551243148176,25.0,0.8097064509174127,600.0
4.73391656108448,0.8323664833916249,0.524010528963144,102.1195935541872,1.0887602245404828,23.0,0.5822339210701599,600.0
4.560405324643544,2.335295470839892,0.49357279931704123,118.03583470804065,1.0426439957254607,16.0,0.548414221463379,600.0
3.609257878877855,1.7706532480814738,0.6110471015792962,86.68900549786325,1.023048927033531,17.0,0.6789412239769957,600.0
3.715292218413664,1.7653704922461226,0.5323975259544067,95.09858902339113,0.9838310225020461,24.0,0.5915528066160074,600.0
4.9215164227259445,2.536487111829371,0.5405771455764867,104.53713062121527,1.0558449718427632,20.0,0.600641272862763,600.0
6.409256754257045,2.8899884707841244,0.7359163589920213,104.69400604330217,1.0510002399956238,17.0,0.8176848433244682,600.0
2.512702774545461,1.6970220975292938,0.5177350150568276,101.37907069372227,0.9070706306035073,25.0,0.5752611278409195,600.0
2.1612573469699816,0.6673011695159374,0.2740191684707619,81.54803403084834,1.0822532769493656,24.0,0.304465742745291,600.0
1.359253493552407,0.7960788361746951,0.3466431564457868,96.91683423603136,0.9516210351405036,17.0,0.41093888566877007,600.0
4.645836886538121,2.163687247166709,0.6697667021236715,119.97999667217911,1.081966626041227,17.0,0.7441852245818572,600.0
9.12111613186925,1.3287178395587145,0.7969713448990209,86.57348274911946,0.9739064080415931,21.0,0.8855237165544675,600.0
7.168895975767425,0.6441211462010259,0.7565897378288452,101.30900574390901,0.9211221735116468,24.0,0.8406552642542724,600.0
2.013456482757984,1.355042581449173,0.3929530654907195,110.98475443273576,1.0498703245679264,19.0,0.4366145172119105,600.0
3.5842825789871204,0.8830296802809076,0.2618366220310873,107.40665789687931,1.0571634997831905,18.0,0.29092958003454145,600.0
0.9196613950016111,2.7607498203867618,0.2645975386798529,92.20856760760365,0.9357152871533123,25.0,0.509829088424374,600.0
3.416960002096097,1.1575434081752676,0.29986737528002666,96.74819875465819,0.9498757273345484,23.0,0.3331859725333629,600.0
1.6224508870530165,2.0948465575025406,0.2833767271528944,82.79533908936662,1.0174817396813096,24.0,0.3775581118683119,600.0
4.652497852980496,1.8762240601344644,0.3563666391519658,91.05591402883627,1.0139475598348466,15.0,0.3959629323910731,600.0
4.459902333414112,2.08032710132476,0.3816809330276247,109.40204868079938,1.0060139076952106,23.0,0.42408992558624964,600.0
9.28605032135246,2.516895812108089,0.7997581915487183,107.8526541885788,1.0692234993768701,21.0,0.8886202128319092,600.0
3.5020934320840107,1.652719599665922,0.3942289012665634,85.53630758178198,0.9334137835492187,21.0,0.43803211251840385,600.0
7.142409147693421,0.6776307254260874,0.7559259321823154,80.49283288889484,0.9727615375275125,18.0,0.8399177024247949,600.0
3.7267600924422837,0.8775094380458781,0.5686927286473955,89.3898845690579,1.0909863064731524,18.0,0.6318808096082172,600.0
4.005159208171744,2.6354630764966953,0.3916844951386962,101.97794906880479,1.0788546882442867,16.0,0.43520499459855133,600.0
3.1373530245647308,0.6966505160320825,0.5760849016898251,86.52666235370405,1.0487523894552688,17.0,0.6400943352109167,600.0
4.946496523103339,2.989302855042811,0.6834394897161891,114.83382132813753,0.9546905714061573,22.0,0.7593772107957656,600.0
4.962750023545986,2.0423337752029718,0.4379952531521467,111.24098231391828,0.9015709750073353,22.0,0.4866613923912741,600.0
5.225511061342606,1.4492469463741777,0.6950962048824351,86.64079303914254,0.9121261748459035,23.0,0.772329116536039,600.0
3.5449017122220496,0.7699618019467438,0.4095521604683682,93.74138163867178,0.9872675579374663,16.0,0.4550579560759646,600.0
4.631057693388249,1.404536675494271,0.6690620433441977,84.37736141274436,1.0682280655542296,23.0,0.7434022703824418,600.0
3.3975860899710213,1.902520670750542,0.5377638411412919,87.00488150398684,1.0685508833379291,21.0,0.5975153790458799,600.0
3.9990771976833264,2.572928370278025,0.42738997675043033,90.00474068383166,0.9223722807126824,19.0,0.4748777519449226,600.0
4.617378831709786,0.526418314083122,0.6684069851385175,83.53036372930438,0.9414216686472264,16.0,0.742674427931686,600.0
2.0895110765758913,1.2068076398980034,0.44391820780457425,110.71232497182771,1.0372161795178723,19.0,0.4932424531161936,600.0
3.2019770605733058,2.733563130482418,0.5933188827952264,104.98674613557125,0.9834083189567706,18.0,0.6592432031058071,600.0
4.947764584024771,0.6979092580308637,0.5233396252967919,101.27757010959914,1.0847929513832406,17.0,0.581488472551991,600.0
3.6649615522092276,2.7220205617229585,0.3037036634775952,82.30999609654043,1.0170082950304795,24.0,0.33744851497510575,600.0
2.6891518586861314,2.4356683220150814,0.4366609171576783,104.56054289800656,1.0711796712065316,19.0,0.48517879684186477,600.0
4.287118700417014,2.6400593442166556,0.6517053566210491,84.56764406059632,0.9636450853517977,19.0,0.7241170629122768,600.0
9.167496353589025,2.201854380800931,0.7977630932300634,91.77130078959237,0.9752109396900599,19.0,0.8864034369222927,600.0
1.9793102770075486,0.5678931174928331,0.2652030465671047,99.48451739849864,1.0263649645119168,18.0,0.29467005174122746,600.0
1.8366688010931689,2.498071803405748,0.3991950655103743,87.79109329281292,0.9137247622001755,24.0,0.45085189030293443,600.0
6.257498205517792,2.768167327208767,0.7313355461868076,111.63383963552536,0.9483522305957616,22.0,0.8125950513186752,600.0
6.429963996851365,0.8409212726368329,0.7365287198946275,88.11706205053966,1.0476100692885557,19.0,0.8183652443273639,600.0
5.2977107818971945,0.5715766143376274,0.6979659992298759,90.96360631434887,0.9040211683680776,22.0,0.7755177769220843,600.0
3.6862284167684627,1.2880383104066873,0.6161718922886257,95.72498421927902,0.9648080356560916,19.0,0.6846354358762508,600.0
4.818405091765382,0.6504213017037879,0.3105115116215376,119.67582250087847,0.9495122387864569,22.0,0.3450127906905973,600.0
5.651821258017378,1.3612961029347175,0.7112526210552741,116.29237171976581,0.9553703073541959,23.0,0.7902806900614158,600.0
4.995808230998299,2.2377855694608906,0.661951645467319,108.76865918819348,0.9523931427022879,16.0,0.7355018282970212,600.0
1.9852166424890865,1.9811863485197363,0.45287271564637926,99.2072014599913,0.9150726814972144,20.0,0.5031919062737548,600.0
2.9451999538037157,2.8045969586346473,0.46447488732325215,112.38085010289153,0.9156313959887769,17.0,0.5160832081369469,600.0
1.7234748573097671,1.0884674746600658,0.4131736841868634,88.52921609034439,0.9259375033114929,18.0,0.45908187131873707,600.0
3.223200359398329,0.5391437985217841,0.5803143464886726,112.34968376763801,0.9197730760241154,20.0,0.6447937183207475,600.0
1.6511668039291127,2.0399769597648767,0.4011071632229726,117.03598849456014,0.9075349983754843,22.0,0.5228666324246308,600.0
5.447348991285003,2.721097250849538,0.7037354453871295,81.92979227321933,0.9051158783776104,21.0,0.7819282726523661,600.0
3.8136994245899514,2.2290411275817315,0.36625324764953093,80.3352469954843,1.0763027366800983,17.0,0.4069480529439232,600.0
6.471890877477209,2.328169208748618,0.7377595096001867,112.95505915538315,1.0660685624413202,20.0,0.8197327884446519,600.0
2.0405780255208077,1.9109865137853577,0.3183109015052632,100.50965827764048,0.9332239663280982,19.0,0.3536787794502924,600.0
4.217384542240557,0.745333609766423,0.29943942118059447,90.76381608317126,0.9703619103546375,21.0,0.3327104679784383,600.0
1.8786209472044708,2.1233776850494968,0.43741189023556704,87.70576949986749,1.0424562487594276,23.0,0.5165688814113237,600.0
3.4529208793274235,1.1537305265977407,0.6001706391042365,97.36927862525809,1.0380634546748464,24.0,0.6668562656713739,600.0
4.353252180345308,0.51230742500507,0.45516339521217086,118.48987573273777,0.9313251822977465,16.0,0.5057371057913009,600.0
5.577691215593069,0.8621453595840571,0.7085743372850888,83.0407237905184,1.0778302535847715,23.0,0.7873048192056541,600.0
2.5903765533905228,2.316610853191919,0.27911370282414105,106.69929526772691,0.9109163842769488,20.0,0.3101263364712678,600.0
5.6391246952495395,1.9285226554423816,0.7107975965049618,102.94117711734856,1.0331108351498282,24.0,0.7897751072277353,600.0
1.5813404218052856,2.506147633655426,0.3889507611833741,114.16135014869043,0.9069832093090106,17.0,0.4321675124259713,600.0
3.942732390039705,2.3879120161670966,0.6223472500461862,115.81723465749964,0.9268042467911358,20.0,0.6914969444957624,600.0
9.575431305667383,0.8671600214413329,0.8044614956071842,107.33683288206322,0.9805363775659086,17.0,0.8938461062302047,600.0
5.7722560404427306,1.622499375178011,0.7154948063410804,110.5925083583654,1.0582033113110723,22.0,0.7949942292678671,600.0
2.2817413328058747,0.8310292165132154,0.4914771393181565,110.22674159320816,1.0725109531462367,23.0,0.5503947624631782,600.0
2.338464354669898,1.1972259963231564,0.33828764869270933,82.9091525967872,0.9393285331743578,23.0,0.37587516521412145,600.0
2.971279690249025,1.144326553887733,0.4901551904254787,84.11215318320288,1.0775004360121962,21.0,0.544616878250532,600.0
2.4905299196558848,1.3910547551031767,0.5153412980639097,106.84789667789735,1.0651488128994528,17.0,0.572601442293233,600.0
3.204822584850936,1.6853124682685394,0.5814944888957019,108.63223177838398,0.9853461208263106,19.0,0.646104987661891,600.0
2.7167928137112263,1.2526366438215093,0.424817654841247,114.88918053456585,1.0342514303315211,18.0,0.47201961649027446,600.0
2.185557189304199,0.6247960086422542,0.2859438087278054,113.07050536263546,1.0522976051994182,21.0,0.3243345254425778,600.0
2.5144146122637703,1.229408475926048,0.40635021954641026,107.56559691334493,1.0266320535699593,19.0,0.45150024394045585,600.0
1.1937641186016301,1.7457803192429726,0.25074083840281347,84.64371874772242,1.0613616214537533,17.0,0.35919345902340616,600.0
10.726084597644617,1.5292892309684145,0.8211097336105259,107.2100980249364,1.0874353525322378,25.0,0.9123441484561398,600.0
1.6848897123237112,2.104313508243326,0.4067989321367157,102.61060700239831,0.9655365914519632,24.0,0.5133401183698377,600.0
4.990422745532975,2.2514036510467803,0.4895360948226226,101.6470542330332,0.9104496120757064,22.0,0.5439289942473584,600.0
2.8681912944464267,0.7633079787294134,0.41586995724360853,113.90398188193527,1.091724557885205,17.0,0.46207773027067617,600.0
2.7263949949599464,2.5235185743252257,0.47661981173452916,119.79648444307178,1.0069954422317529,18.0,0.5295775685939212,600.0
1.4775632537406553,0.5224637601731354,0.36990442999669554,109.54376948729602,1.0928578632862376,18.0,0.4392440710323983,600.0
4.01966637789049,2.262657389411948,0.6056754749450497,93.40614123168105,0.9583701034856071,16.0,0.6729727499389442,600.0
3.3925397582840695,0.5310364128425137,0.35225803516740645,88.2974023748121,0.9627768796452151,18.0,0.3913978168526738,600.0
4.680000946191604,1.2271441041990212,0.6208853812680988,115.16291548174775,1.0181893052536348,17.0,0.6898726458534431,600.0
2.912287796806222,1.290691222954853,0.49919147252931817,115.64409345748605,0.9173811666371542,18.0,0.5546571916992424,600.0
13.324653509927323,2.089275106071934,0.8497869956377481,92.0940586228869,0.9948719895166341,16.0,0.9442077729308312,600.0
3.374649678604926,1.002594697086744,0.5059573038072979,116.54023791884852,0.957775928724806,17.0,0.5621747820081088,600.0
3.1545095137180104,0.5489996726066045,0.29558119260566906,118.42641986104175,0.9255394951159189,22.0,0.32842354733963225,600.0
3.3551579447547244,0.8745179886809529,0.38520989466432526,104.4709000637272,1.0551997459628306,24.0,0.4280109940714725,600.0
2.7540199592095207,2.2573331400015393,0.5422304957245274,105.17804512193487,0.9967049144754063,20.0,0.6024783285828083,600.0
4.5604643574033545,2.788192804391403,0.6656514941088365,119.91266995179724,1.0419951443029853,16.0,0.7396127712320405,600.0
3.238791226850343,1.16063892381651,0.2508105834254732,107.48121970139357,1.0675312441703066,20.0,0.2786784260283035,600.0
2.8795423495973673,1.7685866187161834,0.5539431330317083,117.79246736212835,0.9489357449960879,15.0,0.6154923700352314,600.0
3.8054427372335304,1.5780813352518173,0.39024832359643946,100.724466968413,1.0074237611215628,15.0,0.43360924844048826,600.0
8.7450107964029,1.068036136025883,0.7903058446377362,99.93103670247069,0.9024533134455826,19.0,0.8781176051530403,600.0
3.423756481833582,2.8624067746624595,0.4260189047784728,81.6049022654909,0.9357921594685292,21.0,0.47335433864274756,600.0
5.592909624815806,1.3138519982530812,0.7091284468456047,116.38818549492416,0.9366759031278018,23.0,0.7879204964951163,600.0
7.404877948671364,0.8146416004272212,0.762341564667559,114.65440061762143,1.0674725911635579,23.0,0.8470461829639543,600.0
4.688247918266665,2.0515957525105515,0.370333960356956,87.9489870619991,0.9802894394380197,20.0,0.41148217817439553,600.0
3.3261063445471315,1.4135610867547084,0.590854015106627,110.78328632941428,1.0487127555439553,21.0,0.6565044612295856,600.0
6.326348444278135,0.5130484294759629,0.7334343162253971,97.07926228879191,0.9451682072853811,24.0,0.8149270180282191,600.0
2.2165816859979537,2.5307771630578895,0.32637585137384123,100.06707362585746,0.9047520261703176,21.0,0.3626398348598236,600.0
2.8794955086653955,2.8772543232524743,0.541264075059906,105.04797505240333,0.917626086506356,22.0,0.6014045278443401,600.0
3.9944343211695816,2.396131764422244,0.48487862728879905,85.5514931744381,0.998135200976077,16.0,0.5387540303208879,600.0
3.8498988125562588,1.4461203466855568,0.6266016622135534,119.48598995473449,0.9970560422991213,19.0,0.6962240691261704,600.0
4.342235969807076,1.273332437706438,0.5218563084282217,97.70747844077567,1.0482509681855905,25.0,0.5798403426980241,600.0
4.31417066121923,2.6426325055930526,0.6531408111941425,80.77530451284228,1.058785951234213,18.0,0.7257120124379361,600.0
5.280483107603022,1.5548280569981776,0.697286444621317,118.27698022064536,0.9747173386859936,16.0,0.7747627162459078,600.0
2.5145451807795087,1.6025383877423447,0.5179327696641468,110.08392996599288,0.9996027531773579,21.0,0.5754808551823853,600.0
6.7787883459355935,1.4621187033379286,0.7464143027438098,112.83498401654384,1.0636421962579687,22.0,0.8293492252708998,600.0
2.058122294474907,1.0648585442402834,0.4629364189429208,89.57931000950579,1.0255566551779656,22.0,0.5143737988254676,600.0
2.697197820485089,1.4326316041296883,0.5367068562236881,113.61593052323481,1.0214414083418764,22.0,0.5963409513596535,600.0
12.166669121773653,2.91150899793164,0.8382595201399623,80.67592597862406,1.0336242102872637,15.0,0.9313994668221802,600.0
6.723294848818329,1.141044728014517,0.7448939265339806,98.18169471688918,1.09723783313629,17.0,0.8276599183710895,600.0
4.664054292892474,0.7172079015365426,0.5069833607360236,97.68625614616874,1.0042549968387637,19.0,0.5633148452622484,600.0
1.4051900309223768,2.7647382559506064,0.34894713287098234,82.8158361692741,0.9039995922880926,18.0,0.4278674349175273,600.0
4.337185522855303,1.0914184242747766,0.417422687374487,99.26379463805912,0.9904938791396332,22.0,0.46380298597165226,600.0
10.516235827104873,2.6648667957233574,0.818294321070831,96.75932367252096,1.071459900798736,24.0,0.9092159123009232,600.0
3.793620897829365,1.0123838729318144,0.6230846784293012,115.5712061370732,0.9779241392756521,23.0,0.6923163093658901,600.0
4.831702220292041,1.1301118915327941,0.6783634984846395,111.0904678621697,1.013544656465918,18.0,0.7537372205384882,600.0
2.8396815473972525,1.4185145916798572,0.5209915723112039,117.26046992554723,0.9580375353629383,19.0,0.5788795247902264,600.0
9.21815892455698,0.9600966815192499,0.798620681291259,95.20436315494095,1.0920890604044502,20.0,0.8873563125458434,600.0
1.6650138769106773,1.357822694435256,0.34545263580920216,83.93986391227186,1.0076971650516846,19.0,0.422678239435927,600.0
9.270654460218624,1.5588068267096131,0.7995014020885138,87.9801311925867,0.9588442286856325,16.0,0.8883348912094599,600.0
12.304442371031943,0.7667134413784027,0.8397250582294017,106.48390854151518,0.9490357103511379,20.0,0.933027842477113,600.0
8.302200154228457,1.4625835750309448,0.7818518959923846,88.7348177432731,1.0545812073209049,22.0,0.8687243288804273,600.0
4.730553576917736,1.827228830591374,0.46889797941608435,89.87253409588621,1.0453883508274706,22.0,0.5209977549067604,600.0
4.02780331124171,2.9595668416538334,0.6372710566027521,85.60501996713083,0.9034726822084919,24.0,0.7080789517808357,600.0
4.454790325452119,1.1958408725630798,0.573853642623148,86.03674893470972,1.0379317665683125,19.0,0.6376151584701644,600.0
1.9952886910854086,2.0554022685227875,0.4617636157761962,101.4473483814164,0.9361649090554651,25.0,0.5340236268472066,600.0
2.668076788816275,1.0274346004305848,0.45909950003094036,95.64995369466342,1.021631558062042,21.0,0.5101105555899338,600.0
3.5077819158244847,2.5625162392981498,0.6040612028414573,97.78924620959219,0.9929224993920216,18.0,0.6711791142682858,600.0
3.299816828880039,2.4818667314331466,0.3129053189225753,96.54377755758259,1.0668958169365266,16.0,0.3476725765806392,600.0
1.7045749918089226,2.6215394817197297,0.41006927703402585,111.19221624014375,0.9918284676724993,18.0,0.4625101214593447,600.0
3.2959023479406495,2.843490366329087,0.5885655593530791,118.67957416649321,0.9442972753119165,23.0,0.6539617326145324,600.0
4.276156789697519,0.6397696862261413,0.4733818617730835,119.63467598113407,1.0667412710520443,20.0,0.5259798464145372,600.0
3.3375343824221195,1.0308053656920106,0.36916647627041005,85.69338073543729,0.9317306120814347,16.0,0.410184973633789,600.0
12.664505573694852,0.9092294964008476,0.8434299461638424,91.41314241266414,0.9622507726438475,19.0,0.9371443846264914,600.0
5.915056378664069,2.598584118372469,0.720357568617138,103.2135703178731,1.0996320940465083,15.0,0.8003972984634867,600.0
9.449930177166648,1.7942046035373682,0.8024500365766993,88.41657072770894,1.0298999469947059,24.0,0.891611151751888,600.0
12.875103016769291,2.0319508568311804,0.8455168705119033,98.72778169186809,0.9446644212484381,23.0,0.9394631894576703,600.0
1.7337970823857805,1.5740720664443197,0.2581851644400484,111.82860528684104,0.9274581606826723,17.0,0.2868724049333871,600.0
3.9458337168156943,0.921106476091909,0.35154107903399345,103.30494092903757,1.0846082677032427,15.0,0.39060119892665934,600.0
2.8162593867581314,1.0981550962275497,0.5481200416451801,94.59256900818616,1.0188883009138274,16.0,0.6090222684946446,600.0
3.6388465032490975,2.063711107764563,0.5709473799253861,83.28316964832172,0.9492989307918056,24.0,0.6343859776948735,600.0
4.613572821537484,0.9362186571446552,0.29701265489318857,102.7541934156045,0.92041418457048,21.0,0.33001406099243175,600.0
3.3850052183076786,2.897668923887701,0.5952386502147264,105.89752325289666,1.0482171987598212,23.0,0.6613762780163627,600.0
1.8356669211622219,1.477419881294905,0.4309156461134923,112.58570375255815,1.0277321031744622,20.0,0.5065231754639952,600.0
3.506673315566963,1.9418214731947354,0.5965983360749562,110.94445978024837,0.914700831793428,24.0,0.6628870400832846,600.0
1.8743384310982296,1.8891170704648579,0.36780690651326187,90.82275541730677,1.085646219847347,21.0,0.43298797244637743,600.0
2.4271576177330276,0.7470871454738401,0.29387375361845086,107.27481218311164,1.0467695089164493,16.0,0.32652639290938984,600.0
3.4998804776494143,0.8272734731496338,0.6035058874248869,90.17151774545101,1.0244464136407632,20.0,0.6705620971387631,600.0
2.9858685439989827,2.1862583316118545,0.3024966993085723,84.67767094249119,1.0159984854707176,16.0,0.33610744367619144,600.0
2.0905989746938216,1.865369000361921,0.4672932509246597,101.51722543157206,0.9456728461643477,21.0,0.5259216813241419,600.0
2.3701894143219464,2.5825459065481704,0.3160247896460238,111.95659913527837,0.98667027537029,17.0,0.3511386551622487,600.0
2.1235085329638035,2.1822357767988168,0.47163168863012905,94.19915870303736,1.0516814425444025,21.0,0.5240352095890323,600.0
3.8339051465505323,2.2744329548271827,0.6256093514150709,105.3760393367679,1.0500393376898325,19.0,0.695121501572301,600.0
